"","University","Year","Status","GRE_SCORE","Eng_test","Test_score","Undergrad_score","work_ex","Univ_ranking","Major_tier","Season"
"1","Arizona State University",0,"Admit",310.853540334817,"ENG TEST",112,6.53,18,115,2,"Fall"
"2","Arizona State University",1,"Admit",305,"ENG TEST",112,7.1,0,115,2,"Fall"
"3","Arizona State University",1,"Admit",315,"TOEFL",104,7.7,3,115,2,"Fall"
"4","Arizona State University",1,"Admit",301,"TOEFL",93.9891430466368,8.012,60,115,2,"Fall"
"5","Arizona State University",1,"Admit",311,"IELTS",98,7.74,25,115,2,"Fall"
"6","Arizona State University",1,"Admit",312,"TOEFL",110,8.6,24,115,2,"Fall"
"7","Arizona State University",1,"Admit",307,"TOEFL",103,8,34,115,2,"Fall"
"8","Arizona State University",1,"Admit",321,"TOEFL",102,7.5,12,115,2,"Fall"
"9","Arizona State University",1,"Admit",306,"TOEFL",99,7.4,0,115,2,"Fall"
"10","Arizona State University",1,"Admit",310,"TOEFL",110,7.49,0,115,2,"Fall"
"11","Arizona State University",1,"Admit",310,"TOEFL",101,6.6,22,115,2,"Fall"
"12","Arizona State University",1,"Admit",306,"TOEFL",103,6.317,27,115,2,"Fall"
"13","Arizona State University",1,"Admit",305,"TOEFL",91,6.4,15,115,2,"Fall"
"14","Arizona State University",1,"Admit",313,"ENG TEST",112,7.5,38,115,2,"Fall"
"15","Arizona State University",1,"Admit",299,"TOEFL",88,8.3,30,115,2,"Fall"
"16","Arizona State University",0,"Admit",313.242896464641,"ENG TEST",112,8,0,115,2,"Fall"
"17","Arizona State University",1,"Admit",314,"TOEFL",91,7.93,16,115,2,"Fall"
"18","Arizona State University",1,"Admit",301,"ENG TEST",112,6.5,74,115,2,"Fall"
"19","Arizona State University",1,"Admit",305,"IELTS",106,8.2,31,115,2,"Fall"
"20","Arizona State University",1,"Admit",318,"TOEFL",111,6.68,6,115,2,"Fall"
"21","Arizona State University",1,"Reject",307,"TOEFL",96.502015390541,7.4,15,115,2,"Fall"
"22","Arizona State University",1,"Reject",308,"TOEFL",84,6.85,43,115,2,"Fall"
"23","Arizona State University",1,"Reject",301,"TOEFL",91,6.3,21,115,2,"Fall"
"24","Arizona State University",1,"Reject",298,"TOEFL",92.3881484716582,5.743,6,115,2,"Fall"
"25","Arizona State University",1,"Reject",310,"TOEFL",96,6.868,41,115,2,"Fall"
"26","Arizona State University",1,"Reject",312,"TOEFL",105,7.55,27,115,2,"Fall"
"27","Arizona State University",1,"Reject",301,"TOEFL",88,8.6,55,115,2,"Fall"
"28","Arizona State University",1,"Reject",300,"ENG TEST",112,6.3,7,115,2,"Fall"
"29","Arizona State University",1,"Reject",303,"TOEFL",90,6.7,14,115,2,"Fall"
"30","Arizona State University",1,"Reject",308,"TOEFL",84,6.894,43,115,2,"Fall"
"31","Arizona State University",1,"Reject",305,"TOEFL",98,5.363,18,115,2,"Fall"
"32","Arizona State University",1,"Reject",308,"TOEFL",102,7.09,0,115,2,"Fall"
"33","Arizona State University",1,"Reject",302,"IELTS",98,8.4,41,115,2,"Fall"
"34","Arizona State University",1,"Reject",309,"TOEFL",92.8340994743624,6.03,28,115,2,"Fall"
"35","Arizona State University",1,"Reject",303,"TOEFL",89,6.5,15,115,2,"Fall"
"36","Arizona State University",2,"Reject",316,"TOEFL",107,7.16,6,115,2,"Fall"
"37","Arizona State University",2,"Reject",302,"TOEFL",92,7.11,35,115,2,"Fall"
"38","Arizona State University",2,"Reject",311,"TOEFL",101,8.22,18,115,2,"Fall"
"39","Arizona State University",2,"Reject",308,"TOEFL",86,8.1,14,115,2,"Fall"
"40","Arizona State University",2,"Reject",299,"TOEFL",97,5.9,12,115,2,"Fall"
"49","Carnegie Mellon University",1,"Admit",308,"TOEFL",102,7.48,15,37,3,"Fall"
"50","Carnegie Mellon University",1,"Admit",315,"TOEFL",108,8.33,8,37,3,"Fall"
"51","Carnegie Mellon University",1,"Admit",321,"TOEFL",109,8.3,18,37,3,"Fall"
"52","Carnegie Mellon University",1,"Admit",310,"TOEFL",107,7.39,14,37,3,"Fall"
"53","Carnegie Mellon University",1,"Admit",315,"TOEFL",109,8.54,6,37,3,"Spring"
"54","Carnegie Mellon University",1,"Admit",315,"TOEFL",110,8.6,3,37,3,"Fall"
"55","Carnegie Mellon University",1,"Admit",329,"TOEFL",103.999169580219,7.5,144,37,3,"Fall"
"56","Carnegie Mellon University",1,"Admit",316,"IELTS",112,7.5,44,37,3,"Fall"
"57","Carnegie Mellon University",1,"Admit",316,"TOEFL",104,8.55,60,37,3,"Fall"
"58","Carnegie Mellon University",1,"Admit",317,"TOEFL",108.74952988602,8.57,16,37,3,"Fall"
"59","Carnegie Mellon University",1,"Admit",317,"TOEFL",112,8.72,36,37,3,"Fall"
"60","Carnegie Mellon University",1,"Admit",314,"TOEFL",108,6.65,24,37,3,"Fall"
"61","Carnegie Mellon University",1,"Admit",305,"TOEFL",109,8.6,25,37,3,"Fall"
"62","Carnegie Mellon University",1,"Admit",314,"TOEFL",109,7.7,38,37,3,"Fall"
"63","Carnegie Mellon University",1,"Admit",318,"TOEFL",103,9,27,37,3,"Fall"
"64","Carnegie Mellon University",1,"Admit",320,"TOEFL",111,7.98,30,37,3,"Fall"
"65","Carnegie Mellon University",1,"Admit",319.809301702169,"ENG TEST",112,8.34,0,37,3,"Fall"
"66","Carnegie Mellon University",1,"Admit",314,"TOEFL",108,7.71,22,37,3,"Fall"
"67","Carnegie Mellon University",1,"Admit",330,"TOEFL",116,8.19,0,37,3,"Fall"
"68","Carnegie Mellon University",1,"Admit",321,"TOEFL",106,7.8,36,37,3,"Fall"
"69","Carnegie Mellon University",0,"Reject",316.090371748033,"TOEFL",106,6.9,12,37,3,"Spring"
"70","Carnegie Mellon University",1,"Reject",321,"TOEFL",109,8.1,18,37,3,"Fall"
"71","Carnegie Mellon University",1,"Reject",318,"IELTS",109.044260080031,7.38,45,37,3,"Fall"
"72","Carnegie Mellon University",1,"Reject",319,"IELTS",98,8.545,7,37,3,"Fall"
"73","Carnegie Mellon University",1,"Reject",301,"ENG TEST",112,6.5,74,37,3,"Fall"
"74","Carnegie Mellon University",1,"Reject",322,"TOEFL",110,3.1,12,37,3,"Fall"
"75","Carnegie Mellon University",1,"Reject",324,"TOEFL",106,7.8,33,37,3,"Fall"
"76","Carnegie Mellon University",1,"Reject",325,"TOEFL",116,8.48,2,37,3,"Fall"
"77","Carnegie Mellon University",1,"Reject",321.448018984718,"TOEFL",107,7.65,31,37,3,"Fall"
"78","Carnegie Mellon University",1,"Reject",315,"TOEFL",109,6.72,29,37,3,"Fall"
"79","Carnegie Mellon University",1,"Reject",293,"TOEFL",101,8.72,20,37,3,"Fall"
"80","Carnegie Mellon University",1,"Reject",321,"TOEFL",108,6.322,21,37,3,"Fall"
"81","Carnegie Mellon University",1,"Reject",318,"TOEFL",109,6.75,13,37,3,"Fall"
"82","Carnegie Mellon University",1,"Reject",309,"TOEFL",105.498231381446,6.03,28,37,3,"Fall"
"83","Carnegie Mellon University",1,"Reject",314,"IELTS",112,7.72,20,37,3,"Fall"
"84","Carnegie Mellon University",1,"Reject",330,"TOEFL",107,9.23,15,37,3,"Fall"
"85","Carnegie Mellon University",1,"Reject",329,"TOEFL",110,7.4,4,37,3,"Fall"
"86","Carnegie Mellon University",1,"Reject",313,"ENG TEST",112,7.5,38,37,3,"Fall"
"87","Carnegie Mellon University",1,"Reject",317,"TOEFL",106,7.34,82,37,3,"Fall"
"88","Carnegie Mellon University",1,"Reject",320,"TOEFL",110,6.2,40,37,3,"Fall"
"89","Carnegie Mellon University",1,"Admit",316,"TOEFL",102,7.58,42,37,3,"Fall"
"90","Carnegie Mellon University",1,"Admit",320,"TOEFL",107,6.9,60,37,3,"Fall"
"91","Carnegie Mellon University",0,"Admit",316,"TOEFL",116,8.19,3,37,3,"Fall"
"92","Carnegie Mellon University",1,"Admit",322,"TOEFL",110,7.904,27,37,3,"Fall"
"93","Carnegie Mellon University",1,"Admit",334,"TOEFL",117,8.21,0,37,3,"Fall"
"94","Carnegie Mellon University",1,"Admit",324,"TOEFL",109,7.4,21,37,3,"Fall"
"95","Carnegie Mellon University",1,"Admit",317,"TOEFL",106,8.81,32,37,3,"Fall"
"96","Carnegie Mellon University",1,"Admit",316,"TOEFL",112,8.48,21,37,3,"Fall"
"97","Carnegie Mellon University",1,"Admit",317,"TOEFL",104,8.3,23,37,3,"Fall"
"98","Carnegie Mellon University",1,"Admit",323,"TOEFL",112,6.621,27,37,3,"Fall"
"99","Carnegie Mellon University",1,"Admit",315,"TOEFL",105,9.56,19,37,3,"Fall"
"100","Carnegie Mellon University",1,"Admit",314,"TOEFL",109,8.6,24,37,3,"Fall"
"101","Carnegie Mellon University",0,"Admit",317.592272402634,"ENG TEST",112,6.93,36,37,3,"Fall"
"102","Carnegie Mellon University",1,"Admit",318,"TOEFL",118,8.43,30,37,3,"Fall"
"103","Carnegie Mellon University",1,"Admit",319,"TOEFL",113,7.34,26,37,3,"Fall"
"104","Carnegie Mellon University",1,"Admit",326,"TOEFL",111,8.48,24,37,3,"Fall"
"105","Carnegie Mellon University",1,"Admit",329,"TOEFL",105,9.21,13,37,3,"Fall"
"106","Carnegie Mellon University",2,"Admit",320,"TOEFL",105,8.1,24,37,3,"Fall"
"107","Carnegie Mellon University",4,"Admit",318,"TOEFL",104,9.24,16,37,3,"Fall"
"108","Carnegie Mellon University",8,"Admit",324,"TOEFL",113,6.55,0,37,3,"Fall"
"109","Carnegie Mellon University",1,"Reject",329,"TOEFL",113,7.65,40,37,3,"Fall"
"110","Carnegie Mellon University",1,"Reject",309,"TOEFL",101,7.61,9,37,3,"Fall"
"111","Carnegie Mellon University",1,"Reject",314,"TOEFL",110,7.2,60,37,3,"Fall"
"112","Carnegie Mellon University",1,"Reject",316.761884439391,"TOEFL",104,8.15,33,37,3,"Fall"
"113","Carnegie Mellon University",1,"Reject",320,"TOEFL",108.560072866665,7.54,7,37,3,"Fall"
"114","Carnegie Mellon University",1,"Reject",322,"TOEFL",106,7.29,26,37,3,"Fall"
"115","Carnegie Mellon University",1,"Reject",315,"TOEFL",101,8.45,24,37,3,"Fall"
"116","Carnegie Mellon University",1,"Reject",321,"TOEFL",109,6,29,37,3,"Fall"
"117","Carnegie Mellon University",1,"Reject",319,"TOEFL",110,8.98,6,37,3,"Fall"
"118","Carnegie Mellon University",1,"Reject",307,"TOEFL",100,8.91,24,37,3,"Fall"
"119","Carnegie Mellon University",1,"Reject",325,"TOEFL",114,7.72,25,37,3,"Fall"
"120","Carnegie Mellon University",1,"Reject",321,"TOEFL",105.981157743788,9.45,11,37,3,"Fall"
"121","Carnegie Mellon University",8,"Reject",318.304213632413,"TOEFL",101,6.8,0,37,3,"Fall"
"122","Carnegie Mellon University",2,"Reject",320,"TOEFL",104,6.56,19,37,3,"Fall"
"123","Carnegie Mellon University",2,"Reject",311,"TOEFL",104,6.043,0,37,3,"Fall"
"124","Carnegie Mellon University",2,"Reject",317,"TOEFL",110,6.79,1,37,3,"Fall"
"125","Carnegie Mellon University",2,"Reject",316,"TOEFL",108,7.1,13,37,3,"Fall"
"126","Carnegie Mellon University",2,"Reject",308,"TOEFL",95,7.143,25,37,3,"Fall"
"127","Carnegie Mellon University",2,"Reject",313,"TOEFL",98,9.2,13,37,3,"Fall"
"128","Carnegie Mellon University",2,"Reject",332,"TOEFL",112,9.45,4,37,3,"Fall"
"140","Drexel University",1,"Admit",307.692531667181,"ENG TEST",112,5.4,0,94,3,"Fall"
"141","Drexel University",1,"Admit",308.259211706452,"TOEFL",103,6.1,2,94,3,"Fall"
"142","Drexel University",1,"Admit",309,"TOEFL",97,6.88,0,94,3,"Fall"
"143","Drexel University",1,"Admit",298,"TOEFL",93.1369681076351,5.743,6,94,3,"Fall"
"144","Drexel University",1,"Admit",300,"TOEFL",104,7.8,20,94,3,"Fall"
"145","Drexel University",1,"Admit",302,"IELTS",86,7.75,0,94,3,"Fall"
"146","Drexel University",1,"Admit",305,"TOEFL",96,8.4,4,94,3,"Fall"
"147","Drexel University",1,"Admit",309,"TOEFL",102,8,0,94,3,"Fall"
"148","Drexel University",1,"Admit",309,"TOEFL",93,7.445,4,94,3,"Fall"
"149","Drexel University",1,"Admit",302,"IELTS",98,8.22,8,94,3,"Fall"
"150","Drexel University",3,"Admit",301.584832959589,"IELTS",98,6,39,94,3,"Fall"
"151","Drexel University",1,"Admit",308,"TOEFL",100,6.79,27,94,3,"Spring"
"152","Drexel University",2,"Admit",302,"TOEFL",86,6.5,28,94,3,"Fall"
"153","Drexel University",2,"Admit",310,"ENG TEST",112,8.02,0,94,3,"Fall"
"154","Drexel University",2,"Admit",314,"TOEFL",114,6.81,6,94,3,"Spring"
"155","Drexel University",2,"Admit",314,"TOEFL",107,8.25,6,94,3,"Spring"
"156","Drexel University",3,"Admit",307,"TOEFL",101,8.42,41,94,3,"Fall"
"157","Drexel University",3,"Admit",310.238681813582,"ENG TEST",112,7.2,21,94,3,"Fall"
"158","Drexel University",3,"Admit",305,"IELTS",106,8,6,94,3,"Fall"
"159","Drexel University",1,"Reject",306,"TOEFL",92,6.33,1,94,3,"Fall"
"160","Drexel University",1,"Reject",309,"TOEFL",94,6.45,13,94,3,"Fall"
"161","Drexel University",2,"Reject",318,"TOEFL",113,5.97,20,94,3,"Fall"
"162","Drexel University",2,"Reject",302,"TOEFL",96,7.8,74,94,3,"Fall"
"163","Drexel University",3,"Reject",297,"TOEFL",86,6.22,32,94,3,"Fall"
"164","Drexel University",3,"Reject",318,"TOEFL",110,8.2,20,94,3,"Fall"
"165","University of Arizona",1,"Admit",326,"TOEFL",115,9.38,1,97,3,"Fall"
"166","University of Arizona",1,"Admit",308,"TOEFL",105,8.5,60,97,3,"Fall"
"167","University of Arizona",1,"Admit",317,"TOEFL",110,6.93,25,97,3,"Fall"
"168","University of Arizona",1,"Admit",315,"TOEFL",104,7.7,3,97,3,"Fall"
"169","University of Arizona",1,"Admit",301,"TOEFL",100.199025510794,8.012,60,97,3,"Fall"
"170","University of Arizona",1,"Admit",315,"TOEFL",104,6.97,18,97,3,"Fall"
"171","University of Arizona",1,"Admit",325,"TOEFL",115,9.12,4,97,3,"Fall"
"172","University of Arizona",1,"Admit",310.286567025299,"TOEFL",104,8.15,33,97,3,"Fall"
"173","University of Arizona",1,"Admit",319,"TOEFL",114,6.71,14,97,3,"Fall"
"174","University of Arizona",1,"Admit",309,"TOEFL",108,8.57,37,97,3,"Fall"
"175","University of Arizona",1,"Admit",312,"TOEFL",110,8.6,24,97,3,"Fall"
"176","University of Arizona",1,"Admit",305,"TOEFL",109,8.6,25,97,3,"Fall"
"177","University of Arizona",1,"Admit",325,"TOEFL",115,9.55,26,97,3,"Fall"
"178","University of Arizona",1,"Admit",324,"TOEFL",111.654866553516,8.57,23,97,3,"Fall"
"179","University of Arizona",1,"Admit",326,"TOEFL",111,6.01,42,97,3,"Fall"
"180","University of Arizona",1,"Admit",316,"TOEFL",112,8.48,21,97,3,"Fall"
"181","University of Arizona",1,"Admit",319,"IELTS",107.098522016306,7.31,0,97,3,"Fall"
"182","University of Arizona",1,"Admit",313,"TOEFL",101,6.82,42,97,3,"Fall"
"183","University of Arizona",1,"Admit",313,"TOEFL",107,8.96,0,97,3,"Fall"
"184","University of Arizona",1,"Admit",316,"TOEFL",103,8.101,13,97,3,"Fall"
"185","University of Arizona",1,"Reject",306,"TOEFL",98,10,0,97,3,"Fall"
"186","University of Arizona",1,"Reject",317,"TOEFL",101,6.7,18,97,3,"Fall"
"187","University of Arizona",1,"Reject",308,"TOEFL",84,6.85,43,97,3,"Fall"
"188","University of Arizona",1,"Reject",329,"TOEFL",115,6.6,0,97,3,"Fall"
"189","University of Arizona",1,"Reject",314,"TOEFL",111,7.15,3,97,3,"Fall"
"190","University of Arizona",1,"Reject",307,"IELTS",103.615399622564,7.61,0,97,3,"Fall"
"191","University of Arizona",1,"Reject",311,"TOEFL",110,6.6,50,97,3,"Fall"
"192","University of Arizona",1,"Reject",311,"TOEFL",101,7.2,24,97,3,"Fall"
"193","University of Arizona",1,"Reject",325,"TOEFL",116,8.48,2,97,3,"Fall"
"194","University of Arizona",1,"Reject",323,"TOEFL",110,8.55,0,97,3,"Fall"
"195","University of Arizona",1,"Reject",313,"TOEFL",104,7.2,19,97,3,"Fall"
"196","University of Arizona",0,"Reject",313.529239183029,"TOEFL",106,6.9,12,97,3,"Spring"
"197","University of Arizona",1,"Reject",298,"TOEFL",98.638764529109,7.12,1,97,3,"Fall"
"198","University of Arizona",1,"Reject",316,"TOEFL",102,7.76,54,97,3,"Fall"
"199","University of Arizona",1,"Reject",309,"TOEFL",103,7.41,13,97,3,"Fall"
"200","University of Arizona",1,"Reject",313,"TOEFL",97,7,23,97,3,"Fall"
"201","University of Arizona",1,"Reject",306,"TOEFL",99,7.4,0,97,3,"Fall"
"202","University of Arizona",1,"Reject",315,"IELTS",106,6.577,30,97,3,"Fall"
"203","University of Arizona",1,"Reject",293,"TOEFL",101,8.72,20,97,3,"Fall"
"204","University of Arizona",1,"Reject",305,"TOEFL",100,9,43,97,3,"Fall"
"205","Illinois Institute of Technology",1,"Admit",299,"TOEFL",84,8.64,67,103,3,"Fall"
"206","Illinois Institute of Technology",1,"Admit",293,"TOEFL",93,5.6,8,103,3,"Fall"
"207","Illinois Institute of Technology",1,"Admit",300,"IELTS",98,8.1,36,103,3,"Fall"
"208","Illinois Institute of Technology",1,"Admit",303,"TOEFL",91,7.7,1,103,3,"Fall"
"209","Illinois Institute of Technology",1,"Admit",305,"IELTS",69,6.9,26,103,3,"Fall"
"210","Illinois Institute of Technology",1,"Admit",296,"TOEFL",93,7,34,103,3,"Fall"
"211","Illinois Institute of Technology",1,"Admit",291,"IELTS",86,6.7,27,103,3,"Fall"
"212","Illinois Institute of Technology",1,"Admit",294,"TOEFL",93,5.4,35,103,3,"Fall"
"213","Illinois Institute of Technology",1,"Admit",306,"TOEFL",101.029631549252,8.04,40,103,3,"Fall"
"214","Illinois Institute of Technology",1,"Admit",296,"TOEFL",100,6.2,0,103,3,"Fall"
"215","Illinois Institute of Technology",1,"Admit",295,"IELTS",106,7.51,32,103,3,"Fall"
"216","Illinois Institute of Technology",1,"Admit",302,"IELTS",91.0562022587239,7.3,1,103,3,"Fall"
"217","Illinois Institute of Technology",1,"Admit",311,"IELTS",106,6.12,18,103,3,"Fall"
"218","Illinois Institute of Technology",1,"Admit",299,"IELTS",96.5043551322845,8.1,5,103,3,"Fall"
"219","Illinois Institute of Technology",1,"Admit",306,"TOEFL",99,6.45,0,103,3,"Fall"
"220","Illinois Institute of Technology",1,"Admit",300,"TOEFL",88,6,29,103,3,"Fall"
"221","Illinois Institute of Technology",1,"Admit",302,"TOEFL",92,6.6,24,103,3,"Fall"
"222","Illinois Institute of Technology",1,"Admit",307,"IELTS",69,6.9,26,103,3,"Fall"
"223","Illinois Institute of Technology",1,"Admit",305,"TOEFL",90.3360964676224,6.52,30,103,3,"Fall"
"224","Illinois Institute of Technology",1,"Admit",304,"IELTS",106,6.25,4,103,3,"Fall"
"225","Illinois Institute of Technology",1,"Reject",298,"TOEFL",82,6.22,0,103,3,"Fall"
"226","Illinois Institute of Technology",1,"Reject",300,"IELTS",86,6.27,0,103,3,"Fall"
"227","Illinois Institute of Technology",2,"Reject",308,"IELTS",96.8911168539091,5.64,0,103,3,"Fall"
"228","Illinois Institute of Technology",1,"Reject",289,"TOEFL",81,6.12,8,103,3,"Fall"
"229","Illinois Institute of Technology",1,"Reject",306,"TOEFL",104,5.8,5,103,3,"Fall"
"230","Illinois Institute of Technology",1,"Reject",300,"TOEFL",92,6,12,103,3,"Fall"
"231","Illinois Institute of Technology",1,"Reject",296,"TOEFL",90,5.67,8,103,3,"Fall"
"232","Illinois Institute of Technology",1,"Reject",290,"IELTS",106,7,48,103,3,"Fall"
"233","Illinois Institute of Technology",1,"Reject",307,"IELTS",98,5.4,31,103,3,"Fall"
"234","Illinois Institute of Technology",1,"Reject",304,"TOEFL",99,6.49,0,103,3,"Fall"
"235","Illinois Institute of Technology",1,"Reject",299,"IELTS",86,5.46,2,103,3,"Spring"
"236","Illinois Institute of Technology",1,"Reject",297,"IELTS",69,5.9,12,103,3,"Spring"
"237","Illinois Institute of Technology",1,"Reject",297,"IELTS",106,7.97,0,103,3,"Spring"
"238","Illinois Institute of Technology",1,"Reject",293,"IELTS",98,6.1,0,103,3,"Spring"
"239","Illinois Institute of Technology",2,"Reject",286,"IELTS",98,5.8,30,103,3,"Fall"
"240","Illinois Institute of Technology",2,"Reject",292,"TOEFL",80,5.8,55,103,3,"Fall"
"241","Illinois Institute of Technology",2,"Reject",302,"TOEFL",99,6.7,22,103,3,"Fall"
"242","Illinois Institute of Technology",2,"Reject",306,"TOEFL",103,5.2,1,103,3,"Fall"
"243","Illinois Institute of Technology",2,"Reject",305,"TOEFL",90,6.89,19,103,3,"Fall"
"244","Illinois Institute of Technology",2,"Reject",300,"TOEFL",90,5.5,4,103,3,"Fall"
"245","Iowa State University",1,"Admit",309,"IELTS",112,7.95,3,90,2,"Fall"
"246","Iowa State University",1,"Admit",316,"IELTS",112,8.87,18,90,2,"Fall"
"247","Iowa State University",2,"Admit",313,"TOEFL",105,6.9,11,90,2,"Fall"
"248","Iowa State University",1,"Admit",311,"IELTS",112,7.43,18,90,2,"Fall"
"249","Iowa State University",1,"Admit",321,"TOEFL",116,6.8,0,90,2,"Fall"
"250","Iowa State University",2,"Admit",325,"TOEFL",99,6.4,8,90,2,"Fall"
"251","Iowa State University",1,"Admit",305,"ENG TEST",112,7.97,39,90,2,"Fall"
"252","Iowa State University",1,"Admit",308,"TOEFL",100,8.6,34,90,2,"Fall"
"253","Iowa State University",1,"Admit",309,"ENG TEST",112,7,0,90,2,"Spring"
"254","Iowa State University",1,"Admit",313,"TOEFL",106,7.58,40,90,2,"Spring"
"255","Iowa State University",2,"Admit",307,"IELTS",98,7.69,33,90,2,"Fall"
"256","Iowa State University",2,"Admit",306,"TOEFL",97,8,55,90,2,"Fall"
"257","Iowa State University",2,"Admit",305,"TOEFL",99,7.22,72,90,2,"Fall"
"258","Iowa State University",2,"Admit",309,"TOEFL",106,7.28,20,90,2,"Fall"
"259","Iowa State University",2,"Admit",311,"TOEFL",109,7,29,90,2,"Fall"
"260","Iowa State University",2,"Admit",309,"TOEFL",97,7.7,43,90,2,"Fall"
"261","Iowa State University",2,"Admit",311,"TOEFL",102,6.598,25,90,2,"Fall"
"262","Iowa State University",2,"Admit",315,"TOEFL",100,8.06,42,90,2,"Fall"
"263","Iowa State University",2,"Admit",308,"TOEFL",99,6.25,56,90,2,"Fall"
"264","Iowa State University",2,"Admit",310,"TOEFL",103,7.5,20,90,2,"Fall"
"265","Iowa State University",1,"Reject",308,"IELTS",106,7.95,18,90,2,"Fall"
"266","Iowa State University",1,"Reject",304,"TOEFL",96,9.24,74,90,2,"Fall"
"267","Iowa State University",1,"Reject",307,"ENG TEST",112,7.5,4,90,2,"Fall"
"268","Iowa State University",1,"Reject",301,"TOEFL",84,7.67,50,90,2,"Fall"
"269","Iowa State University",1,"Reject",310,"TOEFL",107,6.71,12,90,2,"Fall"
"270","Iowa State University",0,"Reject",304,"TOEFL",104,8.7,16,90,2,"Spring"
"271","Iowa State University",1,"Reject",310,"TOEFL",106,6.89,25,90,2,"Spring"
"272","Iowa State University",2,"Reject",316,"TOEFL",98,8.98,22,90,2,"Fall"
"273","Iowa State University",2,"Reject",309,"TOEFL",106,7.17,29,90,2,"Fall"
"274","Iowa State University",2,"Reject",318,"TOEFL",113,5.97,20,90,2,"Fall"
"275","Iowa State University",2,"Reject",313,"TOEFL",101,6.6,17,90,2,"Fall"
"276","Iowa State University",2,"Reject",304,"TOEFL",101,7.86,8,90,2,"Fall"
"277","Iowa State University",2,"Reject",320,"TOEFL",112,5.7,48,90,2,"Fall"
"278","Iowa State University",2,"Reject",306,"TOEFL",90,7.23,17,90,2,"Fall"
"279","Iowa State University",2,"Reject",308,"TOEFL",107,7.03,11,90,2,"Spring"
"280","Iowa State University",2,"Reject",303,"TOEFL",108,6.26,33,90,2,"Spring"
"281","Iowa State University",2,"Reject",314,"TOEFL",101,7.351,46,90,2,"Spring"
"282","Iowa State University",3,"Reject",292,"TOEFL",92,6.5,30,90,2,"Fall"
"283","Iowa State University",3,"Reject",305,"TOEFL",92,7.12,36,90,2,"Fall"
"284","Iowa State University",3,"Reject",303,"IELTS",98,7.69,22,90,2,"Fall"
"285","Indiana University Bloomington",1,"Admit",325,"TOEFL",116,8.48,2,90,2,"Fall"
"286","Indiana University Bloomington",1,"Admit",303,"TOEFL",102,6.5,9,90,2,"Fall"
"287","Indiana University Bloomington",1,"Admit",320,"TOEFL",112,8.048,28,90,2,"Fall"
"288","Indiana University Bloomington",1,"Admit",325,"TOEFL",119,8.24,0,90,2,"Fall"
"289","Indiana University Bloomington",1,"Admit",315.709755584,"ENG TEST",112,8.5,28,90,2,"Fall"
"290","Indiana University Bloomington",1,"Admit",316,"TOEFL",103,8.101,13,90,2,"Fall"
"291","Indiana University Bloomington",1,"Admit",323,"TOEFL",103,7.92,7,90,2,"Fall"
"292","Indiana University Bloomington",1,"Admit",318,"TOEFL",118,8.43,30,90,2,"Fall"
"293","Indiana University Bloomington",1,"Admit",326,"TOEFL",115,9.38,1,90,2,"Fall"
"294","Indiana University Bloomington",1,"Admit",319,"TOEFL",113,9.3,11,90,2,"Fall"
"295","Indiana University Bloomington",1,"Admit",313,"TOEFL",111,8.5,31,90,2,"Fall"
"296","Indiana University Bloomington",1,"Admit",315.19853031347,"ENG TEST",112,7.4,12,90,2,"Fall"
"297","Indiana University Bloomington",1,"Admit",320,"ENG TEST",112,8.87,18,90,2,"Fall"
"298","Indiana University Bloomington",1,"Admit",315,"TOEFL",105,7.42,0,90,2,"Fall"
"299","Indiana University Bloomington",1,"Admit",319,"IELTS",109.370271702263,7.31,0,90,2,"Fall"
"300","Indiana University Bloomington",1,"Admit",319,"TOEFL",112,7.52,35,90,2,"Fall"
"301","Indiana University Bloomington",6,"Admit",312,"TOEFL",113,6.5,0,90,2,"Fall"
"302","Indiana University Bloomington",8,"Admit",317.455629110418,"TOEFL",101,6.8,0,90,2,"Fall"
"303","Indiana University Bloomington",8,"Admit",324,"TOEFL",113,6.55,0,90,2,"Fall"
"304","Indiana University Bloomington",7,"Admit",316,"TOEFL",100,6.23,0,90,2,"Fall"
"305","Indiana University Bloomington",1,"Reject",322,"TOEFL",110,7.904,27,90,2,"Fall"
"306","Indiana University Bloomington",1,"Reject",317,"TOEFL",114,6.152,36,90,2,"Fall"
"307","Indiana University Bloomington",1,"Reject",311,"TOEFL",101,7.2,24,90,2,"Fall"
"308","Indiana University Bloomington",1,"Reject",316,"TOEFL",114,7,26,90,2,"Fall"
"309","Indiana University Bloomington",1,"Reject",312,"TOEFL",108,7.14,6,90,2,"Fall"
"310","Indiana University Bloomington",1,"Reject",312,"TOEFL",110,8.6,24,90,2,"Fall"
"311","Indiana University Bloomington",1,"Reject",312,"TOEFL",105,6.486,18,90,2,"Fall"
"312","Indiana University Bloomington",1,"Reject",326,"TOEFL",113,6.85,44,90,2,"Fall"
"313","Indiana University Bloomington",1,"Reject",324,"TOEFL",110,6.358,16,90,2,"Fall"
"314","Indiana University Bloomington",1,"Reject",313,"ENG TEST",112,7.5,38,90,2,"Fall"
"315","Indiana University Bloomington",1,"Reject",322,"TOEFL",104,8.3,0,90,2,"Fall"
"316","Indiana University Bloomington",1,"Reject",319,"TOEFL",113,7.34,26,90,2,"Fall"
"317","Indiana University Bloomington",1,"Reject",324,"TOEFL",114,8.3,30,90,2,"Fall"
"318","Indiana University Bloomington",1,"Reject",312,"TOEFL",102,6.5,20,90,2,"Fall"
"319","Indiana University Bloomington",1,"Reject",320,"TOEFL",108,6.5,41,90,2,"Fall"
"320","Indiana University Bloomington",1,"Reject",312,"TOEFL",98,7.07,14,90,2,"Fall"
"321","Indiana University Bloomington",1,"Reject",308,"TOEFL",108,8.65,36,90,2,"Fall"
"322","Indiana University Bloomington",1,"Reject",314,"TOEFL",108,7.1,28,90,2,"Fall"
"323","Indiana University Bloomington",1,"Reject",306,"TOEFL",99,8.79,30,90,2,"Fall"
"324","Indiana University Bloomington",1,"Reject",315,"TOEFL",101,9.81,0,90,2,"Fall"
"331","Northeastern University",1,"Admit",298,"TOEFL",82,6.22,0,30,1,"Fall"
"332","Northeastern University",1,"Admit",305,"TOEFL",102,8.33,3,30,1,"Fall"
"333","Northeastern University",1,"Admit",313,"TOEFL",102,7.9,0,30,1,"Fall"
"334","Northeastern University",1,"Admit",306,"TOEFL",99,8.5,0,30,1,"Fall"
"335","Northeastern University",1,"Admit",306,"TOEFL",104,8.022,20,30,1,"Fall"
"336","Northeastern University",3,"Admit",312.403593626147,"ENG TEST",112,8.1,20,30,1,"Fall"
"337","Northeastern University",0,"Admit",303.074686669559,"IELTS",98,7,0,30,1,"Spring"
"338","Northeastern University",1,"Admit",296,"TOEFL",83,7.01,3,30,1,"Fall"
"339","Northeastern University",1,"Admit",309,"TOEFL",104,5.6,38,30,1,"Fall"
"340","Northeastern University",1,"Admit",331,"TOEFL",107,6.436,24,30,1,"Fall"
"341","Northeastern University",1,"Admit",303,"TOEFL",87,6.8,60,30,1,"Fall"
"342","Northeastern University",1,"Admit",303,"TOEFL",89,6.5,0,30,1,"Fall"
"343","Northeastern University",1,"Admit",306,"TOEFL",96,7.3,60,30,1,"Fall"
"344","Northeastern University",1,"Admit",305,"ENG TEST",112,7.24,51,30,1,"Fall"
"345","Northeastern University",1,"Admit",316.319071191423,"ENG TEST",112,5.5,48,30,1,"Fall"
"346","Northeastern University",1,"Admit",307,"TOEFL",97,6,0,30,1,"Fall"
"347","Northeastern University",1,"Admit",306.827349900954,"ENG TEST",112,6.28,0,30,1,"Fall"
"348","Northeastern University",1,"Admit",305,"TOEFL",100.264773436786,8.65,8,30,1,"Fall"
"349","Northeastern University",1,"Admit",299,"TOEFL",84,8.64,67,30,1,"Fall"
"350","Northeastern University",2,"Admit",302,"TOEFL",102,5.6,8,30,1,"Fall"
"351","Northeastern University",1,"Reject",293,"TOEFL",101,8.72,20,30,1,"Fall"
"352","Northeastern University",1,"Reject",301,"TOEFL",89.9951771843515,7.13,0,30,1,"Fall"
"353","Northeastern University",1,"Reject",298,"TOEFL",88.4958717283662,5.743,6,30,1,"Fall"
"354","Northeastern University",1,"Reject",292,"TOEFL",72,5.9,48,30,1,"Fall"
"355","Northeastern University",1,"Reject",289,"IELTS",98,7.853,24,30,1,"Spring"
"356","Northeastern University",1,"Reject",300,"TOEFL",97,7.1,5,30,1,"Spring"
"357","Northeastern University",2,"Reject",293,"TOEFL",87,5.92,11,30,1,"Fall"
"358","Northeastern University",2,"Reject",315,"TOEFL",111,8.12,25,30,1,"Fall"
"359","Northeastern University",2,"Reject",307,"TOEFL",99,6.035,20,30,1,"Fall"
"360","Northeastern University",2,"Reject",303,"TOEFL",88,7.01,23,30,1,"Fall"
"361","Northeastern University",3,"Reject",293,"TOEFL",107,7.7,0,30,1,"Fall"
"362","Northeastern University",2,"Reject",290,"TOEFL",86,8.25,48,30,1,"Spring"
"363","Northeastern University",3,"Reject",304,"TOEFL",90,6.6,46,30,1,"Fall"
"364","Northeastern University",3,"Reject",300,"TOEFL",99,7.3,0,30,1,"Fall"
"365","Northeastern University",3,"Reject",316,"TOEFL",107,7.7,40,30,1,"Fall"
"366","Northeastern University",3,"Reject",301,"TOEFL",92,7.1,20,30,1,"Fall"
"367","Northeastern University",3,"Reject",314,"TOEFL",109,7.18,0,30,1,"Fall"
"368","Northeastern University",3,"Reject",304,"ENG TEST",112,8.06,17,30,1,"Fall"
"373","New York University",0,"Admit",301.587661437541,"TOEFL",80,7.3,6,30,1,"Fall"
"374","New York University",2,"Admit",311,"TOEFL",107,5.2,35,30,1,"Fall"
"375","New York University",1,"Admit",323,"TOEFL",107,7.1,44,30,1,"Fall"
"376","New York University",1,"Admit",312,"TOEFL",104,7.61,20,30,1,"Fall"
"377","New York University",1,"Admit",313,"TOEFL",103.946064671558,8.03,60,30,1,"Fall"
"378","New York University",1,"Admit",307,"TOEFL",98.4120387986137,7.4,15,30,1,"Fall"
"379","New York University",1,"Admit",320,"TOEFL",107,6.9,60,30,1,"Fall"
"380","New York University",0,"Admit",316,"TOEFL",113,7.86,36,30,1,"Fall"
"381","New York University",1,"Admit",320,"ENG TEST",112,8,0,30,1,"Fall"
"382","New York University",1,"Admit",310,"TOEFL",103,7,88,30,1,"Fall"
"383","New York University",1,"Admit",330,"TOEFL",107.389581667573,6.5,24,30,1,"Fall"
"384","New York University",1,"Admit",311,"TOEFL",98,7.31,25,30,1,"Fall"
"385","New York University",1,"Admit",318,"TOEFL",104.057407712657,7.35,33,30,1,"Fall"
"386","New York University",1,"Admit",304,"TOEFL",92,7.2,16,30,1,"Fall"
"387","New York University",1,"Admit",311,"TOEFL",97,7.7,35,30,1,"Fall"
"388","New York University",1,"Admit",326,"TOEFL",111,6.01,42,30,1,"Fall"
"389","New York University",1,"Admit",308,"TOEFL",100,9.23,26,30,1,"Fall"
"390","New York University",1,"Admit",314,"TOEFL",100,7.6,41,30,1,"Fall"
"391","New York University",1,"Admit",320,"TOEFL",113,7.9,17,30,1,"Fall"
"392","New York University",1,"Admit",320,"TOEFL",100,9,34,30,1,"Fall"
"393","New York University",1,"Reject",310,"TOEFL",115,7.15,48,30,1,"Fall"
"394","New York University",1,"Reject",310,"TOEFL",90,7.1,6,30,1,"Fall"
"395","New York University",1,"Reject",312,"TOEFL",91,7.8,14,30,1,"Fall"
"396","New York University",1,"Reject",320,"TOEFL",100.77945723011,7.54,7,30,1,"Fall"
"397","New York University",1,"Reject",305,"ENG TEST",112,8.5,6,30,1,"Fall"
"398","New York University",1,"Reject",308.666830487908,"TOEFL",103,8.5,1,30,1,"Fall"
"399","New York University",1,"Reject",310,"TOEFL",95,8,0,30,1,"Spring"
"400","New York University",7,"Reject",316,"TOEFL",100,6.23,0,30,1,"Fall"
"401","New York University",2,"Reject",321,"TOEFL",104,8.54,10,30,1,"Fall"
"402","New York University",2,"Reject",313,"TOEFL",112,5.5,43,30,1,"Fall"
"403","New York University",2,"Reject",316,"TOEFL",102,6.7,9,30,1,"Fall"
"404","New York University",3,"Reject",320,"TOEFL",113,8.14,0,30,1,"Fall"
"405","New York University",3,"Reject",307,"TOEFL",98,6.49,30,30,1,"Fall"
"406","New York University",3,"Reject",306,"TOEFL",103,6.3,20,30,1,"Fall"
"407","New York University",4,"Reject",320,"TOEFL",108,6.6,0,30,1,"Fall"
"408","New York University",4,"Reject",315,"TOEFL",109,7,20,30,1,"Fall"
"409","New York University",4,"Reject",321,"TOEFL",113,7,12,30,1,"Fall"
"410","New York University",5,"Reject",302,"TOEFL",98,7.66,30,30,1,"Fall"
"411","New York University",5,"Reject",315,"TOEFL",109,7.006,10,30,1,"Fall"
"424","Rochester Institute of Technology",1,"Admit",306,"TOEFL",104,8.022,20,42,3,"Fall"
"425","Rochester Institute of Technology",1,"Admit",311,"TOEFL",102,6.28,27,42,3,"Fall"
"426","Rochester Institute of Technology",1,"Admit",299,"TOEFL",85,5.85,24,42,3,"Fall"
"427","Rochester Institute of Technology",1,"Admit",300,"TOEFL",103,9,30,42,3,"Fall"
"428","Rochester Institute of Technology",1,"Admit",317,"TOEFL",105,6.76,12,42,3,"Fall"
"429","Rochester Institute of Technology",2,"Admit",299,"TOEFL",93,6.6,48,42,3,"Fall"
"430","Rochester Institute of Technology",2,"Admit",304,"TOEFL",100,6.3,0,42,3,"Fall"
"431","Rochester Institute of Technology",2,"Admit",301,"TOEFL",85,6.2,37,42,3,"Fall"
"432","Rochester Institute of Technology",2,"Admit",312,"TOEFL",103,8,36,42,3,"Spring"
"433","Rochester Institute of Technology",3,"Admit",302,"TOEFL",98,7.7,0,42,3,"Fall"
"434","Rochester Institute of Technology",3,"Admit",301,"TOEFL",89,7.24,3,42,3,"Fall"
"435","Rochester Institute of Technology",3,"Admit",307,"TOEFL",102,6.1,28,42,3,"Fall"
"436","Rochester Institute of Technology",3,"Admit",297,"TOEFL",94,6.98,30,42,3,"Fall"
"437","Rochester Institute of Technology",3,"Admit",300,"IELTS",86,5.879,26,42,3,"Fall"
"438","Rochester Institute of Technology",3,"Admit",305,"TOEFL",104,7,6,42,3,"Fall"
"439","Rochester Institute of Technology",3,"Admit",302,"TOEFL",101,6.4,18,42,3,"Fall"
"440","Rochester Institute of Technology",3,"Admit",309,"TOEFL",104,7.3,30,42,3,"Fall"
"441","Rochester Institute of Technology",3,"Admit",303,"TOEFL",88,5.9,1,42,3,"Fall"
"442","Rochester Institute of Technology",3,"Admit",305,"IELTS",106,8,6,42,3,"Fall"
"443","Rochester Institute of Technology",3,"Admit",300,"TOEFL",98,7.18,54,42,3,"Fall"
"444","Rochester Institute of Technology",1,"Reject",328,"TOEFL",104,6,18,42,3,"Fall"
"445","Rochester Institute of Technology",2,"Reject",305,"TOEFL",95,7,1,42,3,"Fall"
"446","Rochester Institute of Technology",1,"Reject",293,"TOEFL",96,7.58,5,42,3,"Spring"
"447","Rochester Institute of Technology",2,"Reject",304,"TOEFL",95,6.1,0,42,3,"Spring"
"448","Rochester Institute of Technology",3,"Reject",294,"TOEFL",96,8.9,40,42,3,"Fall"
"449","Rochester Institute of Technology",3,"Reject",297,"TOEFL",92,5.668,24,42,3,"Fall"
"450","Rochester Institute of Technology",3,"Reject",302,"TOEFL",93,7.4,24,42,3,"Fall"
"451","Rochester Institute of Technology",3,"Reject",312,"TOEFL",107,5.3,11,42,3,"Fall"
"452","Rochester Institute of Technology",3,"Reject",294,"TOEFL",88,6.2,31,42,3,"Fall"
"453","Rochester Institute of Technology",3,"Reject",297,"TOEFL",86,6.22,32,42,3,"Fall"
"454","Rochester Institute of Technology",3,"Reject",307,"TOEFL",93,6.76,3,42,3,"Fall"
"455","Rochester Institute of Technology",3,"Reject",302,"TOEFL",85,5.8,18,42,3,"Fall"
"456","Rochester Institute of Technology",3,"Reject",318,"TOEFL",101,8.3,3,42,3,"Fall"
"457","Rochester Institute of Technology",3,"Reject",304,"ENG TEST",112,6.1,36,42,3,"Fall"
"458","Rochester Institute of Technology",4,"Reject",304,"TOEFL",97,6.1,0,42,3,"Fall"
"459","Rensselaer Polytechnic Institute",1,"Admit",318,"TOEFL",111,6.68,6,42,3,"Fall"
"460","Rensselaer Polytechnic Institute",1,"Admit",315,"TOEFL",99,7.6,0,42,3,"Fall"
"461","Rensselaer Polytechnic Institute",1,"Admit",322,"TOEFL",107,7.7,60,42,3,"Fall"
"462","Rensselaer Polytechnic Institute",2,"Admit",327,"TOEFL",104,7.28,9,42,3,"Fall"
"463","Rensselaer Polytechnic Institute",3,"Admit",324,"TOEFL",106,5.6,0,42,3,"Fall"
"464","Rensselaer Polytechnic Institute",3,"Admit",317,"IELTS",98,7.7,34,42,3,"Fall"
"465","Rensselaer Polytechnic Institute",3,"Admit",315,"TOEFL",107,7.71,0,42,3,"Fall"
"466","Rensselaer Polytechnic Institute",3,"Admit",320,"TOEFL",113,8.14,0,42,3,"Fall"
"467","Rensselaer Polytechnic Institute",6,"Admit",319,"TOEFL",114,6,30,42,3,"Fall"
"468","Rensselaer Polytechnic Institute",6,"Admit",322,"TOEFL",110,6.5,10,42,3,"Fall"
"469","Rensselaer Polytechnic Institute",4,"Admit",313,"TOEFL",100,6.2,10,42,3,"Fall"
"470","Rensselaer Polytechnic Institute",4,"Admit",321,"TOEFL",113,7,12,42,3,"Fall"
"471","Rensselaer Polytechnic Institute",2,"Reject",317,"IELTS",106,5.88,50,42,3,"Fall"
"472","Rensselaer Polytechnic Institute",3,"Reject",320,"TOEFL",101,8.36,0,42,3,"Fall"
"473","Rensselaer Polytechnic Institute",3,"Reject",309,"TOEFL",105,7.75,0,42,3,"Fall"
"480","Rutgers University-Newark",1,"Admit",303,"TOEFL",85,6.3,6,42,3,"Fall"
"481","Rutgers University-Newark",1,"Admit",300,"TOEFL",93,6.94,82,42,3,"Fall"
"482","Rutgers University-Newark",1,"Admit",294,"TOEFL",95,6.25,12,42,3,"Fall"
"483","Rutgers University-Newark",1,"Admit",294,"TOEFL",90,6.6,0,42,3,"Fall"
"484","Rutgers University-Newark",1,"Admit",298,"TOEFL",95,6.7,30,42,3,"Fall"
"485","Rutgers University-Newark",1,"Admit",303,"TOEFL",91,7.7,1,42,3,"Fall"
"486","Rutgers University-Newark",1,"Admit",303,"TOEFL",94.5798688177986,6,14,42,3,"Fall"
"487","Rutgers University-Newark",1,"Admit",293,"TOEFL",95,7.3,33,42,3,"Fall"
"488","Rutgers University-Newark",1,"Admit",291,"IELTS",86,6.7,27,42,3,"Fall"
"489","Rutgers University-Newark",1,"Admit",294,"TOEFL",93,5.4,35,42,3,"Fall"
"490","Rutgers University-Newark",1,"Admit",294,"TOEFL",94.5125710845279,8.69,16,42,3,"Fall"
"491","Rutgers University-Newark",1,"Admit",300,"TOEFL",96.0110527502034,6.7,56,42,3,"Fall"
"492","Rutgers University-Newark",1,"Admit",295,"TOEFL",93.9201564058731,6.4,26,42,3,"Fall"
"493","Rutgers University-Newark",1,"Admit",308,"TOEFL",95,3.5,3,42,3,"Fall"
"494","Rutgers University-Newark",1,"Admit",297,"TOEFL",101,6.8,19,42,3,"Fall"
"495","Rutgers University-Newark",1,"Admit",306,"TOEFL",98.40600683739,6.414,31,42,3,"Fall"
"496","Rutgers University-Newark",3,"Admit",299,"TOEFL",91,6.355,32,42,3,"Fall"
"497","Rutgers University-Newark",1,"Admit",307.520804952009,"ENG TEST",112,7.75,5,42,3,"Fall"
"498","Rutgers University-Newark",1,"Admit",310,"TOEFL",96,5.64,36,42,3,"Fall"
"499","Rutgers University-Newark",1,"Admit",310,"TOEFL",101.606883352412,7.7,2,42,3,"Fall"
"500","Rutgers University-Newark",1,"Reject",296,"IELTS",69,6,36,42,3,"Fall"
"501","Rutgers University-Newark",1,"Reject",310,"TOEFL",107,6.71,12,42,3,"Fall"
"502","Rutgers University-Newark",2,"Reject",313,"TOEFL",112,5.5,43,42,3,"Fall"
"503","Santa Clara University",2,"Admit",316,"TOEFL",113,6,0,100,3,"Fall"
"504","Santa Clara University",1,"Admit",304,"TOEFL",100,8.23,46,100,3,"Fall"
"505","Santa Clara University",1,"Admit",306,"TOEFL",104,7.5,34,100,3,"Fall"
"506","Santa Clara University",1,"Admit",298,"TOEFL",104,7.23,7,100,3,"Fall"
"507","Santa Clara University",1,"Admit",307,"TOEFL",106,6.4,30,100,3,"Fall"
"508","Santa Clara University",1,"Admit",301,"TOEFL",92,6.2,5,100,3,"Fall"
"509","Santa Clara University",1,"Admit",307,"TOEFL",97,7.2,52,100,3,"Fall"
"510","Santa Clara University",1,"Admit",322,"TOEFL",110,3.1,12,100,3,"Fall"
"511","Santa Clara University",1,"Admit",301,"TOEFL",100,6.34,37,100,3,"Fall"
"512","Santa Clara University",1,"Admit",317,"TOEFL",108,8.2,0,100,3,"Fall"
"513","Santa Clara University",1,"Admit",308,"TOEFL",100,6.4,29,100,3,"Fall"
"514","Santa Clara University",1,"Admit",306,"TOEFL",99,7.4,0,100,3,"Fall"
"515","Santa Clara University",1,"Admit",322,"TOEFL",107,7.447,28,100,3,"Fall"
"516","Santa Clara University",1,"Admit",307,"TOEFL",108,7.5,0,100,3,"Fall"
"517","Santa Clara University",1,"Admit",309,"TOEFL",94,8.66,2,100,3,"Fall"
"518","Santa Clara University",1,"Admit",319,"TOEFL",101,6.57,15,100,3,"Fall"
"519","Santa Clara University",1,"Admit",304,"TOEFL",96,9.24,74,100,3,"Fall"
"520","Santa Clara University",1,"Admit",317,"TOEFL",94,8,6,100,3,"Fall"
"521","Santa Clara University",1,"Admit",314,"ENG TEST",112,8.068,48,100,3,"Fall"
"522","Santa Clara University",1,"Admit",307,"TOEFL",101.783817980661,8.1,54,100,3,"Fall"
"523","Santa Clara University",2,"Reject",309,"TOEFL",94,5.4,6,100,3,"Fall"
"524","Santa Clara University",2,"Reject",298,"TOEFL",98,6.1,0,100,3,"Fall"
"525","Santa Clara University",2,"Reject",302,"TOEFL",93,7.1,30,100,3,"Fall"
"526","Santa Clara University",2,"Reject",294,"TOEFL",89,7.3,23,100,3,"Fall"
"527","Santa Clara University",2,"Reject",299,"IELTS",98,8.08,12,100,3,"Spring"
"528","Santa Clara University",3,"Reject",297,"TOEFL",81,6.6,17,100,3,"Fall"
"529","Santa Clara University",3,"Reject",303.196294425154,"ENG TEST",112,6.5,0,100,3,"Fall"
"530","Santa Clara University",1,"Reject",292,"TOEFL",85,5.1,8,100,3,"Fall"
"531","Santa Clara University",3,"Reject",298,"TOEFL",92,5.7,30,100,3,"Fall"
"532","Santa Clara University",3,"Reject",294,"TOEFL",106,6,0,100,3,"Fall"
"533","Santa Clara University",3,"Reject",281,"TOEFL",81,5.4,30,100,3,"Fall"
"534","Stevens Institute of Technology",0,"Admit",308,"TOEFL",100,6.47,38,69,3,"Spring"
"535","Stevens Institute of Technology",1,"Admit",298,"TOEFL",82,6.22,0,69,3,"Fall"
"536","Stevens Institute of Technology",1,"Admit",303,"TOEFL",85,6.3,6,69,3,"Fall"
"537","Stevens Institute of Technology",1,"Admit",306,"TOEFL",98,10,0,69,3,"Fall"
"538","Stevens Institute of Technology",1,"Admit",301,"TOEFL",107,6.5,41,69,3,"Fall"
"539","Stevens Institute of Technology",1,"Admit",299,"TOEFL",102,5.7,0,69,3,"Fall"
"540","Stevens Institute of Technology",0,"Admit",304,"TOEFL",90,8,61,69,3,"Spring"
"541","Stevens Institute of Technology",1,"Admit",300,"TOEFL",91,5.5,6,69,3,"Fall"
"542","Stevens Institute of Technology",1,"Admit",331,"TOEFL",107,6.436,24,69,3,"Fall"
"543","Stevens Institute of Technology",1,"Admit",301,"TOEFL",101,5.7,3,69,3,"Fall"
"544","Stevens Institute of Technology",1,"Admit",308,"TOEFL",102,7.09,0,69,3,"Fall"
"545","Stevens Institute of Technology",1,"Admit",309,"TOEFL",94,6.8,0,69,3,"Fall"
"546","Stevens Institute of Technology",1,"Admit",312,"IELTS",98,8.25,0,69,3,"Fall"
"547","Stevens Institute of Technology",1,"Admit",313,"TOEFL",103,6.5,0,69,3,"Fall"
"548","Stevens Institute of Technology",1,"Admit",306,"TOEFL",99,6.45,0,69,3,"Fall"
"549","Stevens Institute of Technology",1,"Admit",313,"TOEFL",103,7,0,69,3,"Fall"
"550","Stevens Institute of Technology",1,"Admit",304,"IELTS",99.6010065635349,7.08,26,69,3,"Fall"
"551","Stevens Institute of Technology",1,"Admit",297,"TOEFL",101,6.8,19,69,3,"Fall"
"552","Stevens Institute of Technology",1,"Admit",314,"TOEFL",108,6.65,24,69,3,"Fall"
"553","Stevens Institute of Technology",1,"Admit",310,"TOEFL",96,5.64,36,69,3,"Fall"
"554","Stevens Institute of Technology",1,"Reject",293,"TOEFL",98,6.4,45,69,3,"Fall"
"555","Stevens Institute of Technology",1,"Reject",295,"TOEFL",101,8.526,2,69,3,"Fall"
"556","Stevens Institute of Technology",1,"Reject",289,"TOEFL",95,6.446,30,69,3,"Fall"
"557","Stevens Institute of Technology",1,"Reject",298.908504488986,"TOEFL",93,6.2,45,69,3,"Fall"
"558","Stevens Institute of Technology",1,"Reject",299,"IELTS",112,5.938,0,69,3,"Fall"
"559","Stevens Institute of Technology",1,"Reject",294,"TOEFL",93,5.4,35,69,3,"Fall"
"560","Stevens Institute of Technology",1,"Reject",300,"TOEFL",92,6,12,69,3,"Fall"
"561","Stevens Institute of Technology",1,"Reject",292,"TOEFL",102,7.32,0,69,3,"Fall"
"562","Stevens Institute of Technology",1,"Reject",307,"TOEFL",86,6.4,7,69,3,"Fall"
"563","Stevens Institute of Technology",2,"Reject",289,"TOEFL",89,7,10,69,3,"Fall"
"564","Stevens Institute of Technology",2,"Reject",291,"TOEFL",93,6.802,1,69,3,"Fall"
"565","Stevens Institute of Technology",2,"Reject",299,"IELTS",106,6.56,6,69,3,"Fall"
"566","Stevens Institute of Technology",2,"Reject",299,"TOEFL",87,7.51,3,69,3,"Fall"
"567","Stevens Institute of Technology",2,"Reject",299,"TOEFL",90,5.5,12,69,3,"Spring"
"568","Stevens Institute of Technology",2,"Reject",302,"TOEFL",91,6.4,67,69,3,"Spring"
"569","Stevens Institute of Technology",2,"Reject",304,"TOEFL",95,6.1,0,69,3,"Spring"
"570","Stevens Institute of Technology",3,"Reject",300,"TOEFL",100,6.4,39,69,3,"Fall"
"571","Stevens Institute of Technology",3,"Reject",298,"TOEFL",88,7.54,30,69,3,"Fall"
"572","Stevens Institute of Technology",3,"Reject",295,"TOEFL",88,5.7,24,69,3,"Fall"
"573","Stevens Institute of Technology",3,"Reject",287,"IELTS",98,5.556,1,69,3,"Fall"
"574","University at Buffalo SUNY",1,"Admit",308,"TOEFL",105,8.5,60,97,3,"Fall"
"575","University at Buffalo SUNY",1,"Admit",301,"TOEFL",93,8.35,20,97,3,"Fall"
"576","University at Buffalo SUNY",1,"Admit",320,"TOEFL",117,5.942,30,97,3,"Fall"
"577","University at Buffalo SUNY",1,"Admit",317,"TOEFL",110,6.93,25,97,3,"Fall"
"578","University at Buffalo SUNY",1,"Admit",323,"TOEFL",109,8.03,13,97,3,"Fall"
"579","University at Buffalo SUNY",1,"Admit",304,"TOEFL",83,7.912,18,97,3,"Fall"
"580","University at Buffalo SUNY",1,"Admit",310,"TOEFL",90,7.1,6,97,3,"Fall"
"581","University at Buffalo SUNY",1,"Admit",314,"TOEFL",101.415985236692,6.328,40,97,3,"Fall"
"582","University at Buffalo SUNY",1,"Admit",318,"IELTS",106,8.17,0,97,3,"Fall"
"583","University at Buffalo SUNY",1,"Admit",314,"TOEFL",96,8,24,97,3,"Fall"
"584","University at Buffalo SUNY",1,"Admit",317,"TOEFL",108,8.2,0,97,3,"Fall"
"585","University at Buffalo SUNY",1,"Admit",314,"TOEFL",106.015289147179,8.7,30,97,3,"Fall"
"586","University at Buffalo SUNY",1,"Admit",310,"TOEFL",102,6,26,97,3,"Fall"
"587","University at Buffalo SUNY",1,"Admit",313,"TOEFL",103.841014778597,8.4,24,97,3,"Fall"
"588","University at Buffalo SUNY",1,"Admit",317,"TOEFL",101,6.7,18,97,3,"Fall"
"589","University at Buffalo SUNY",1,"Admit",308,"TOEFL",84,6.85,43,97,3,"Fall"
"590","University at Buffalo SUNY",1,"Admit",308,"IELTS",96.16469225391,7.31,23,97,3,"Fall"
"591","University at Buffalo SUNY",4,"Admit",311,"TOEFL",111,5.98,40,97,3,"Fall"
"592","University at Buffalo SUNY",1,"Admit",317,"IELTS",106,7.93,57,97,3,"Fall"
"593","University at Buffalo SUNY",1,"Admit",312,"TOEFL",92,7.52,50,97,3,"Fall"
"594","University at Buffalo SUNY",1,"Reject",305,"TOEFL",109,6.477,29,97,3,"Fall"
"595","University at Buffalo SUNY",1,"Reject",303,"TOEFL",91,7.7,1,97,3,"Fall"
"596","University at Buffalo SUNY",1,"Reject",309,"TOEFL",105,8.7,30,97,3,"Fall"
"597","University at Buffalo SUNY",1,"Reject",312,"TOEFL",101.91158215736,7.7,0,97,3,"Fall"
"598","University at Buffalo SUNY",1,"Reject",310,"TOEFL",107,7.39,14,97,3,"Fall"
"599","University at Buffalo SUNY",1,"Reject",308,"TOEFL",100,5.8,12,97,3,"Fall"
"600","University at Buffalo SUNY",1,"Reject",305,"TOEFL",88,9,40,97,3,"Fall"
"601","University at Buffalo SUNY",1,"Reject",307,"TOEFL",101,8.63,45,97,3,"Fall"
"602","University at Buffalo SUNY",1,"Reject",308,"TOEFL",101,7.3,9,97,3,"Fall"
"603","University at Buffalo SUNY",1,"Reject",306.973423248233,"TOEFL",90,8.2,48,97,3,"Fall"
"604","University at Buffalo SUNY",1,"Reject",304,"TOEFL",88,6.436,47,97,3,"Fall"
"605","University at Buffalo SUNY",1,"Reject",300,"TOEFL",104,7.411,29,97,3,"Fall"
"606","University at Buffalo SUNY",1,"Reject",308,"TOEFL",100,9.23,26,97,3,"Fall"
"607","University at Buffalo SUNY",1,"Reject",307,"ENG TEST",112,7.5,4,97,3,"Fall"
"608","University at Buffalo SUNY",1,"Reject",312,"TOEFL",110,6.8,60,97,3,"Fall"
"609","University at Buffalo SUNY",1,"Reject",308,"TOEFL",90,6.9,54,97,3,"Fall"
"610","University at Buffalo SUNY",1,"Reject",305,"TOEFL",98,7.412,34,97,3,"Fall"
"611","University at Buffalo SUNY",1,"Reject",308,"TOEFL",100,6.4,29,97,3,"Fall"
"612","University at Buffalo SUNY",1,"Reject",311,"IELTS",98,7.74,25,97,3,"Fall"
"613","University at Buffalo SUNY",1,"Reject",301,"TOEFL",84,7.67,50,97,3,"Fall"
"614","Syracuse University",0,"Admit",313.284138791915,"ENG TEST",112,6.53,18,69,3,"Fall"
"615","Syracuse University",1,"Admit",306,"TOEFL",97,7.3,42,69,3,"Fall"
"616","Syracuse University",1,"Admit",317,"IELTS",98,6.37,1,69,3,"Fall"
"617","Syracuse University",1,"Admit",300,"TOEFL",88,8.18,24,69,3,"Fall"
"618","Syracuse University",1,"Admit",305.594160514801,"TOEFL",90,8.2,48,69,3,"Fall"
"619","Syracuse University",1,"Admit",308,"TOEFL",99,6.5,19,69,3,"Fall"
"620","Syracuse University",1,"Admit",310,"TOEFL",107,7.39,14,69,3,"Fall"
"621","Syracuse University",1,"Admit",314,"TOEFL",106,9.15,0,69,3,"Fall"
"622","Syracuse University",1,"Admit",302,"TOEFL",101,6.5,30,69,3,"Fall"
"623","Syracuse University",1,"Admit",303,"TOEFL",94,7.37,27,69,3,"Fall"
"624","Syracuse University",1,"Admit",301,"TOEFL",99.3533418971794,8.012,60,69,3,"Fall"
"625","Syracuse University",1,"Admit",310,"TOEFL",98.8253884370866,7.97,36,69,3,"Fall"
"626","Syracuse University",1,"Admit",308,"TOEFL",95,3.5,3,69,3,"Fall"
"627","Syracuse University",1,"Admit",302,"IELTS",101.208756209818,7.3,1,69,3,"Fall"
"628","Syracuse University",1,"Admit",304,"TOEFL",96,7.87,12,69,3,"Fall"
"629","Syracuse University",1,"Admit",307,"TOEFL",111,7.6,0,69,3,"Fall"
"630","Syracuse University",1,"Admit",307,"TOEFL",94,7.9,37,69,3,"Fall"
"631","Syracuse University",1,"Admit",312,"TOEFL",104,8.7,20,69,3,"Fall"
"632","Syracuse University",1,"Admit",307,"ENG TEST",112,6.5,40,69,3,"Fall"
"633","Syracuse University",1,"Admit",319,"TOEFL",114,6.71,14,69,3,"Fall"
"634","Syracuse University",1,"Reject",300,"TOEFL",93,6.94,82,69,3,"Fall"
"635","Syracuse University",1,"Reject",302,"TOEFL",86,6.537,27,69,3,"Fall"
"636","Syracuse University",1,"Reject",308,"TOEFL",89,7.5,32,69,3,"Fall"
"637","Syracuse University",1,"Reject",308,"TOEFL",102,7.09,0,69,3,"Fall"
"638","Syracuse University",1,"Reject",300,"TOEFL",99,7.14,39,69,3,"Fall"
"639","Syracuse University",1,"Reject",309,"TOEFL",98.9383176227438,7.41,17,69,3,"Fall"
"640","Syracuse University",1,"Reject",298,"TOEFL",96.6334715296227,5.743,6,69,3,"Fall"
"641","Syracuse University",1,"Reject",302,"TOEFL",81,5.699,42,69,3,"Fall"
"642","Syracuse University",1,"Reject",305,"TOEFL",98.65395836311,6.82,3,69,3,"Fall"
"643","Syracuse University",1,"Reject",302,"TOEFL",97,6.5,27,69,3,"Fall"
"644","Syracuse University",1,"Reject",299,"TOEFL",97,7.23,48,69,3,"Fall"
"645","Syracuse University",1,"Reject",307,"IELTS",98,5.4,31,69,3,"Fall"
"646","Syracuse University",1,"Reject",297,"TOEFL",99,5.581,24,69,3,"Fall"
"647","Syracuse University",1,"Reject",305,"TOEFL",98,5.022,17,69,3,"Fall"
"648","Syracuse University",1,"Reject",296,"TOEFL",93,6.43,64,69,3,"Fall"
"649","Syracuse University",1,"Reject",300,"TOEFL",90,7,12,69,3,"Fall"
"650","Syracuse University",1,"Reject",297,"TOEFL",88,8.1,20,69,3,"Fall"
"651","Syracuse University",1,"Reject",323,"TOEFL",110,8.55,0,69,3,"Fall"
"652","Syracuse University",1,"Reject",305,"ENG TEST",112,8.5,6,69,3,"Fall"
"653","Syracuse University",1,"Reject",302,"IELTS",98,8.22,8,69,3,"Fall"
"654","Texas A&M University-College Station",1,"Admit",320,"TOEFL",117,5.942,30,69,3,"Fall"
"655","Texas A&M University-College Station",1,"Admit",318,"TOEFL",103,7.84,1,69,3,"Fall"
"656","Texas A&M University-College Station",1,"Admit",313.507843048882,"ENG TEST",112,6.8,0,69,3,"Fall"
"657","Texas A&M University-College Station",1,"Admit",322,"TOEFL",110,7.904,27,69,3,"Fall"
"658","Texas A&M University-College Station",1,"Admit",313,"TOEFL",107.414247957974,8.4,24,69,3,"Fall"
"659","Texas A&M University-College Station",1,"Admit",314,"TOEFL",104.533504508413,7.8,6,69,3,"Fall"
"660","Texas A&M University-College Station",1,"Admit",310,"ENG TEST",112,7.55,12,69,3,"Fall"
"661","Texas A&M University-College Station",1,"Admit",309,"IELTS",98,8.5,16,69,3,"Fall"
"662","Texas A&M University-College Station",1,"Admit",320,"TOEFL",111,7.98,30,69,3,"Fall"
"663","Texas A&M University-College Station",1,"Admit",330,"TOEFL",108,7.2,12,69,3,"Fall"
"664","Texas A&M University-College Station",1,"Admit",312.595417319162,"TOEFL",104,8.15,33,69,3,"Fall"
"665","Texas A&M University-College Station",1,"Admit",312,"TOEFL",104,8.7,20,69,3,"Fall"
"666","Texas A&M University-College Station",1,"Admit",325,"TOEFL",116,8.48,2,69,3,"Fall"
"667","Texas A&M University-College Station",1,"Admit",309,"TOEFL",94,8.8,60,69,3,"Fall"
"668","Texas A&M University-College Station",1,"Admit",296,"TOEFL",91,7.2,20,69,3,"Fall"
"669","Texas A&M University-College Station",1,"Admit",309,"IELTS",112,7.95,3,69,3,"Fall"
"670","Texas A&M University-College Station",1,"Admit",307,"TOEFL",103,8,34,69,3,"Fall"
"671","Texas A&M University-College Station",1,"Admit",317,"TOEFL",108.506038710453,8,34,69,3,"Fall"
"672","Texas A&M University-College Station",1,"Admit",315,"IELTS",106,6.577,30,69,3,"Fall"
"673","Texas A&M University-College Station",1,"Reject",306,"TOEFL",104,7.5,34,69,3,"Fall"
"674","Texas A&M University-College Station",1,"Reject",317,"TOEFL",101,6.7,18,69,3,"Fall"
"675","Texas A&M University-College Station",1,"Reject",315,"TOEFL",104,6.97,18,69,3,"Fall"
"676","Texas A&M University-College Station",1,"Reject",312,"TOEFL",110,8.6,24,69,3,"Fall"
"677","Texas A&M University-College Station",1,"Reject",317,"TOEFL",108,8.2,0,69,3,"Fall"
"678","Texas A&M University-College Station",1,"Reject",313,"TOEFL",101,6.82,42,69,3,"Fall"
"679","Texas A&M University-College Station",1,"Reject",307,"TOEFL",105,7.2,54,69,3,"Fall"
"680","Texas A&M University-College Station",1,"Reject",311,"TOEFL",107,6.8,16,69,3,"Fall"
"681","Texas A&M University-College Station",1,"Reject",308,"TOEFL",101,7.3,9,69,3,"Fall"
"682","Texas A&M University-College Station",1,"Reject",305,"TOEFL",100,9,43,69,3,"Fall"
"683","Texas A&M University-College Station",1,"Reject",319,"IELTS",98,8.545,7,69,3,"Fall"
"684","Texas A&M University-College Station",1,"Reject",318,"IELTS",106,7.2,60,69,3,"Fall"
"685","Texas A&M University-College Station",1,"Reject",306,"TOEFL",100,6.11,40,69,3,"Fall"
"686","Texas A&M University-College Station",1,"Reject",305,"TOEFL",95,8.54,34,69,3,"Fall"
"687","Texas A&M University-College Station",1,"Reject",316,"IELTS",98,8.47,36,69,3,"Fall"
"688","Texas A&M University-College Station",1,"Reject",313,"ENG TEST",112,7.5,38,69,3,"Fall"
"689","Texas A&M University-College Station",1,"Reject",300,"TOEFL",103,9,30,69,3,"Fall"
"690","Texas A&M University-College Station",1,"Reject",308,"TOEFL",104,8.2,23,69,3,"Fall"
"691","Texas A&M University-College Station",1,"Reject",308,"TOEFL",98,6.5,25,69,3,"Fall"
"692","Texas A&M University-College Station",1,"Reject",320,"TOEFL",108,6.5,41,69,3,"Fall"
"699","University of Cincinnati",1,"Admit",308,"TOEFL",105,8.5,60,133,3,"Fall"
"700","University of Cincinnati",1,"Admit",317.550461543949,"ENG TEST",112,7.5,0,133,3,"Fall"
"701","University of Cincinnati",1,"Admit",311,"IELTS",98,7.5,32,133,3,"Fall"
"702","University of Cincinnati",1,"Admit",320,"TOEFL",117,5.942,30,133,3,"Fall"
"703","University of Cincinnati",1,"Admit",307,"TOEFL",97,6,0,133,3,"Fall"
"704","University of Cincinnati",1,"Admit",313,"TOEFL",98,8.92,44,133,3,"Fall"
"705","University of Cincinnati",1,"Admit",309,"IELTS",98,7.14,36,133,3,"Fall"
"706","University of Cincinnati",1,"Admit",316.881256267614,"ENG TEST",112,8,0,133,3,"Fall"
"707","University of Cincinnati",1,"Admit",310,"TOEFL",99,7.1,38,133,3,"Fall"
"708","University of Cincinnati",4,"Admit",311,"TOEFL",111,5.98,40,133,3,"Fall"
"709","University of Cincinnati",1,"Admit",312,"TOEFL",104,8.7,20,133,3,"Fall"
"710","University of Cincinnati",1,"Admit",311,"TOEFL",91,8.094,60,133,3,"Fall"
"711","University of Cincinnati",1,"Admit",315,"TOEFL",96,7.09,25,133,3,"Fall"
"712","University of Cincinnati",1,"Admit",315,"IELTS",106,6.577,30,133,3,"Fall"
"713","University of Cincinnati",1,"Admit",321,"TOEFL",112,6.3,60,133,3,"Fall"
"714","University of Cincinnati",1,"Admit",316,"TOEFL",103,8.101,13,133,3,"Fall"
"715","University of Cincinnati",1,"Admit",320,"TOEFL",113,7.9,17,133,3,"Fall"
"716","University of Cincinnati",1,"Admit",326,"TOEFL",113,6.85,44,133,3,"Fall"
"717","University of Cincinnati",1,"Admit",313,"TOEFL",109,8.174,25,133,3,"Fall"
"718","University of Cincinnati",1,"Admit",309,"TOEFL",100,8.61,39,133,3,"Fall"
"719","University of Cincinnati",1,"Reject",311,"TOEFL",100,7.7,25,133,3,"Fall"
"720","University of Cincinnati",1,"Reject",317,"TOEFL",110,6.93,25,133,3,"Fall"
"721","University of Cincinnati",1,"Reject",309,"TOEFL",101.064026302547,7.41,17,133,3,"Fall"
"722","University of Cincinnati",1,"Reject",319,"IELTS",98,8.545,7,133,3,"Fall"
"723","University of Cincinnati",1,"Reject",307,"ENG TEST",112,7.4,37,133,3,"Fall"
"724","University of Cincinnati",1,"Reject",313,"TOEFL",100,7.65,0,133,3,"Fall"
"725","University of Cincinnati",1,"Reject",306,"TOEFL",103,6.317,27,133,3,"Fall"
"726","University of Cincinnati",1,"Reject",300,"TOEFL",103,9,30,133,3,"Fall"
"727","University of Cincinnati",1,"Reject",323,"TOEFL",110,8.55,0,133,3,"Fall"
"728","University of Cincinnati",1,"Reject",305,"TOEFL",98,7.412,34,133,3,"Fall"
"729","University of Cincinnati",1,"Reject",306.581119928966,"TOEFL",102,8.87,30,133,3,"Fall"
"730","University of Cincinnati",1,"Reject",307,"TOEFL",94,6.43,40,133,3,"Fall"
"731","University of Cincinnati",1,"Reject",315,"TOEFL",112,8.24,1,133,3,"Fall"
"732","University of Cincinnati",1,"Reject",329,"TOEFL",115,6.6,0,133,3,"Fall"
"733","University of Cincinnati",1,"Reject",306,"TOEFL",95,6.5,20,133,3,"Fall"
"734","University of Cincinnati",0,"Reject",304,"TOEFL",104,8.7,16,133,3,"Spring"
"735","University of Cincinnati",1,"Reject",296,"TOEFL",91,7.2,20,133,3,"Fall"
"736","University of Cincinnati",1,"Reject",306,"TOEFL",94,7.6,35,133,3,"Fall"
"737","University of Cincinnati",1,"Reject",297,"TOEFL",90,8.9,26,133,3,"Fall"
"738","University of Cincinnati",1,"Reject",304,"IELTS",98,7.9,30,133,3,"Fall"
"741","University of Florida",1,"Admit",303,"TOEFL",95,6.75,15,42,3,"Fall"
"742","University of Florida",1,"Admit",302,"TOEFL",88,6.5,5,42,3,"Fall"
"743","University of Florida",1,"Admit",326,"TOEFL",111,6.01,42,42,3,"Fall"
"744","University of Florida",1,"Admit",311,"ENG TEST",112,6.6,3,42,3,"Fall"
"745","University of Florida",1,"Admit",305,"TOEFL",107,8,18,42,3,"Fall"
"746","University of Florida",1,"Admit",311,"TOEFL",98,7.31,25,42,3,"Fall"
"747","University of Florida",1,"Admit",309,"TOEFL",100,8.61,39,42,3,"Fall"
"748","University of Florida",1,"Admit",304,"TOEFL",92,7.2,16,42,3,"Fall"
"749","University of Florida",1,"Admit",302,"TOEFL",107,8.25,13,42,3,"Fall"
"750","University of Florida",1,"Admit",297,"TOEFL",99,5.581,24,42,3,"Fall"
"751","University of Florida",1,"Admit",309,"TOEFL",107,8.21,14,42,3,"Fall"
"752","University of Florida",1,"Admit",312,"TOEFL",105,6.486,18,42,3,"Fall"
"753","University of Florida",1,"Admit",302,"IELTS",98,8.4,41,42,3,"Fall"
"754","University of Florida",1,"Admit",306,"TOEFL",104,7.16,18,42,3,"Fall"
"755","University of Florida",8,"Admit",320,"TOEFL",111,5.9,0,42,3,"Fall"
"756","University of Florida",2,"Admit",309,"TOEFL",95,6.8,23,42,3,"Fall"
"757","University of Florida",2,"Admit",303,"TOEFL",106,7.54,0,42,3,"Fall"
"758","University of Florida",2,"Admit",320,"TOEFL",108,6.5,20,42,3,"Fall"
"759","University of Florida",2,"Admit",302,"TOEFL",96,6.15,48,42,3,"Fall"
"760","University of Florida",2,"Admit",308,"TOEFL",97,8.25,41,42,3,"Fall"
"761","University of Florida",1,"Reject",302,"IELTS",98,7.85,0,42,3,"Fall"
"762","University of Florida",1,"Reject",292,"TOEFL",117,6.41,5,42,3,"Fall"
"763","University of Florida",1,"Reject",315,"TOEFL",96,7.09,25,42,3,"Fall"
"764","University of Florida",1,"Reject",316,"TOEFL",112,6.86,5,42,3,"Fall"
"765","University of Florida",1,"Reject",330,"TOEFL",110,8.4,30,42,3,"Fall"
"766","University of Florida",1,"Reject",290,"TOEFL",97,5.5,30,42,3,"Fall"
"767","University of Florida",1,"Reject",300,"ENG TEST",112,5.975,22,42,3,"Spring"
"768","University of Florida",1,"Reject",311,"TOEFL",98,5.7,0,42,3,"Spring"
"769","University of Florida",2,"Reject",303,"TOEFL",101,8.91,11,42,3,"Fall"
"770","University of Florida",2,"Reject",311,"TOEFL",112,5.896,0,42,3,"Fall"
"771","University of Florida",2,"Reject",301,"TOEFL",108,6.643,24,42,3,"Fall"
"772","University of Florida",2,"Reject",313,"TOEFL",109,8.34,3,42,3,"Fall"
"773","University of Florida",2,"Reject",305,"TOEFL",97,7,26,42,3,"Spring"
"774","University of Florida",3,"Reject",305,"TOEFL",90,6.5,31,42,3,"Fall"
"775","University of Florida",3,"Reject",315,"TOEFL",104,7.32,13,42,3,"Fall"
"776","University of Florida",3,"Reject",298,"TOEFL",80,7.14,34,42,3,"Fall"
"777","University of Illinois at Chicago",1,"Admit",304,"TOEFL",85,7.54,24,42,3,"Fall"
"778","University of Illinois at Chicago",1,"Admit",306,"TOEFL",96,7.3,60,42,3,"Fall"
"779","University of Illinois at Chicago",1,"Admit",301,"TOEFL",93,8.35,20,42,3,"Fall"
"780","University of Illinois at Chicago",1,"Admit",310,"IELTS",98,7.119,27,42,3,"Fall"
"781","University of Illinois at Chicago",1,"Admit",320,"TOEFL",117,5.942,30,42,3,"Fall"
"782","University of Illinois at Chicago",1,"Admit",306,"TOEFL",104,7.5,34,42,3,"Fall"
"783","University of Illinois at Chicago",1,"Admit",303,"TOEFL",99,6.202,58,42,3,"Fall"
"784","University of Illinois at Chicago",1,"Admit",309,"TOEFL",94,6.45,13,42,3,"Fall"
"785","University of Illinois at Chicago",1,"Admit",309,"TOEFL",107,5.4,0,42,3,"Fall"
"786","University of Illinois at Chicago",1,"Admit",304,"TOEFL",88,6.436,47,42,3,"Fall"
"787","University of Illinois at Chicago",1,"Admit",310,"TOEFL",107,7.39,14,42,3,"Fall"
"788","University of Illinois at Chicago",1,"Admit",312,"TOEFL",96,6.99,9,42,3,"Fall"
"789","University of Illinois at Chicago",1,"Admit",313,"TOEFL",101.897445101277,8.4,24,42,3,"Fall"
"790","University of Illinois at Chicago",1,"Admit",317,"TOEFL",101,6.7,18,42,3,"Fall"
"791","University of Illinois at Chicago",1,"Admit",310,"TOEFL",96,5.64,36,42,3,"Fall"
"792","University of Illinois at Chicago",1,"Admit",305,"TOEFL",109,6.477,29,42,3,"Fall"
"793","University of Illinois at Chicago",1,"Admit",315,"TOEFL",104,6.97,18,42,3,"Fall"
"794","University of Illinois at Chicago",1,"Admit",304,"TOEFL",96,7.87,12,42,3,"Fall"
"795","University of Illinois at Chicago",1,"Admit",312,"IELTS",98,7.56,20,42,3,"Fall"
"796","University of Illinois at Chicago",1,"Admit",309,"TOEFL",101.336385622588,6.03,28,42,3,"Fall"
"797","University of Illinois at Chicago",1,"Reject",300,"TOEFL",93,6.94,82,42,3,"Fall"
"798","University of Illinois at Chicago",1,"Reject",303,"TOEFL",91,7.7,1,42,3,"Fall"
"799","University of Illinois at Chicago",1,"Reject",303,"TOEFL",81,7.5,37,42,3,"Fall"
"800","University of Illinois at Chicago",1,"Reject",305,"ENG TEST",112,8.5,6,42,3,"Fall"
"801","University of Illinois at Chicago",1,"Reject",291,"TOEFL",85,7.415,41,42,3,"Fall"
"802","University of Illinois at Chicago",1,"Reject",300,"TOEFL",92,7.239,44,42,3,"Fall"
"803","University of Illinois at Chicago",1,"Reject",297,"TOEFL",90,8.9,26,42,3,"Fall"
"804","University of Illinois at Chicago",1,"Reject",302,"TOEFL",86,6.537,27,42,3,"Fall"
"805","University of Illinois at Chicago",1,"Reject",296,"TOEFL",93,6.43,64,42,3,"Fall"
"806","University of Illinois at Chicago",1,"Reject",303,"TOEFL",98,7.2,0,42,3,"Fall"
"807","University of Illinois at Chicago",1,"Reject",301,"TOEFL",84,7.67,50,42,3,"Fall"
"808","University of Illinois at Chicago",1,"Reject",300,"TOEFL",88,8.18,24,42,3,"Fall"
"809","University of Illinois at Chicago",1,"Reject",301,"TOEFL",94.7997707522205,7.13,0,42,3,"Fall"
"810","University of Illinois at Chicago",2,"Reject",305,"TOEFL",94,6.66,2,42,3,"Fall"
"811","University of Illinois at Chicago",1,"Reject",301,"TOEFL",89,5.95,48,42,3,"Spring"
"812","University of Illinois at Chicago",1,"Reject",311,"TOEFL",98,5.7,0,42,3,"Spring"
"813","University of Illinois at Chicago",1,"Reject",304,"TOEFL",97,7.206,46,42,3,"Fall"
"814","University of Illinois at Chicago",7,"Reject",310,"TOEFL",94,5.4,0,42,3,"Fall"
"815","University of Illinois at Chicago",2,"Reject",309,"TOEFL",94,5.4,6,42,3,"Fall"
"816","University of Illinois at Chicago",2,"Reject",309,"TOEFL",92,7.7,0,42,3,"Fall"
"817","University of Maryland-College Park",1,"Admit",310,"TOEFL",106,7.56,42,78,3,"Fall"
"818","University of Maryland-College Park",1,"Admit",306,"TOEFL",94,7.6,35,78,3,"Fall"
"819","University of Maryland-College Park",1,"Admit",310,"TOEFL",107,7.39,14,78,3,"Fall"
"820","University of Maryland-College Park",1,"Admit",314,"TOEFL",106,9.15,0,78,3,"Fall"
"821","University of Maryland-College Park",1,"Admit",301,"TOEFL",99.9566515986531,8.012,60,78,3,"Fall"
"822","University of Maryland-College Park",1,"Admit",313,"TOEFL",105.668519321225,8.4,24,78,3,"Fall"
"823","University of Maryland-College Park",1,"Admit",317,"TOEFL",101,6.7,18,78,3,"Fall"
"824","University of Maryland-College Park",1,"Admit",311,"TOEFL",98,7.31,25,78,3,"Fall"
"825","University of Maryland-College Park",1,"Admit",313,"TOEFL",104,6.5,1,78,3,"Fall"
"826","University of Maryland-College Park",1,"Admit",312,"TOEFL",98,7.07,14,78,3,"Fall"
"827","University of Maryland-College Park",1,"Admit",315,"TOEFL",102.134793150716,6.93,2,78,3,"Fall"
"828","University of Maryland-College Park",1,"Admit",315,"TOEFL",108,8.33,8,78,3,"Fall"
"829","University of Maryland-College Park",1,"Admit",317,"TOEFL",104,7.52,35,78,3,"Fall"
"830","University of Maryland-College Park",1,"Admit",317,"TOEFL",108,8.2,0,78,3,"Fall"
"831","University of Maryland-College Park",1,"Admit",316,"TOEFL",112,8.48,21,78,3,"Fall"
"832","University of Maryland-College Park",1,"Admit",312,"TOEFL",105,6.486,18,78,3,"Fall"
"833","University of Maryland-College Park",1,"Admit",307,"TOEFL",105,7.2,54,78,3,"Fall"
"834","University of Maryland-College Park",1,"Admit",316,"TOEFL",103,8.101,13,78,3,"Fall"
"835","University of Maryland-College Park",1,"Admit",310,"TOEFL",95,7,6,78,3,"Fall"
"836","University of Maryland-College Park",1,"Admit",315,"TOEFL",102.270801247428,7,0,78,3,"Fall"
"837","University of Maryland-College Park",1,"Reject",307,"TOEFL",108,7.5,0,78,3,"Fall"
"838","University of Maryland-College Park",1,"Reject",318,"TOEFL",104,6.4,15,78,3,"Fall"
"839","University of Maryland-College Park",1,"Reject",308,"TOEFL",102,7.09,0,78,3,"Fall"
"840","University of Maryland-College Park",1,"Reject",304,"TOEFL",96,7.87,12,78,3,"Fall"
"841","University of Maryland-College Park",1,"Reject",311.695205561119,"TOEFL",102,8.87,30,78,3,"Fall"
"842","University of Maryland-College Park",1,"Reject",304,"TOEFL",112,8.25,0,78,3,"Spring"
"843","University of Maryland-College Park",2,"Reject",313,"TOEFL",112,5.5,43,78,3,"Fall"
"844","University of Maryland-College Park",2,"Reject",309,"TOEFL",95,6.8,23,78,3,"Fall"
"845","University of Maryland-College Park",2,"Reject",313,"TOEFL",102,6.68,16,78,3,"Fall"
"846","University of Maryland-College Park",2,"Reject",309,"TOEFL",99,6.6,30,78,3,"Fall"
"847","University of Maryland-College Park",2,"Reject",307,"TOEFL",100,6.3,48,78,3,"Fall"
"848","University of Maryland-College Park",2,"Reject",311,"TOEFL",96,8.012,27,78,3,"Fall"
"849","University of Maryland-College Park",2,"Reject",303,"TOEFL",91,6.6,35,78,3,"Fall"
"850","University of Maryland-College Park",2,"Reject",311,"TOEFL",98,8.84,27,78,3,"Fall"
"851","University of Maryland-College Park",2,"Reject",312,"TOEFL",97,6.667,18,78,3,"Fall"
"852","University of Maryland-College Park",2,"Reject",309,"TOEFL",88,7.69,16,78,3,"Fall"
"853","University of Maryland-College Park",2,"Reject",314,"TOEFL",100,6.9,61,78,3,"Fall"
"854","University of Maryland-College Park",2,"Reject",307,"TOEFL",100,6.7,53,78,3,"Fall"
"855","University of Maryland-College Park",2,"Reject",305,"TOEFL",109,6.545,18,78,3,"Fall"
"856","University of Maryland-College Park",2,"Reject",314,"TOEFL",104,5.8,53,78,3,"Fall"
"857","University of North Carolina at Charlotte",1,"Admit",307,"TOEFL",97.420195106428,7.4,15,69,1,"Fall"
"858","University of North Carolina at Charlotte",1,"Admit",310,"TOEFL",96,5.64,36,69,1,"Fall"
"859","University of North Carolina at Charlotte",1,"Admit",308,"TOEFL",84,6.85,43,69,1,"Fall"
"860","University of North Carolina at Charlotte",1,"Admit",294,"ENG TEST",112,7.5,80,69,1,"Fall"
"861","University of North Carolina at Charlotte",1,"Admit",297,"TOEFL",94,8.5,27,69,1,"Fall"
"862","University of North Carolina at Charlotte",1,"Admit",298,"TOEFL",91,6.93,26,69,1,"Fall"
"863","University of North Carolina at Charlotte",1,"Admit",299,"IELTS",95.2902577914262,8.1,30,69,1,"Fall"
"864","University of North Carolina at Charlotte",1,"Admit",310,"TOEFL",90,7.1,6,69,1,"Fall"
"865","University of North Carolina at Charlotte",5,"Admit",306,"TOEFL",96,6.2,15,69,1,"Fall"
"866","University of North Carolina at Charlotte",1,"Admit",303,"TOEFL",95,6.9,12,69,1,"Fall"
"867","University of North Carolina at Charlotte",1,"Admit",301,"IELTS",98,8.425,50,69,1,"Fall"
"868","University of North Carolina at Charlotte",1,"Admit",303.632328143001,"TOEFL",89,6.595,30,69,1,"Fall"
"869","University of North Carolina at Charlotte",1,"Admit",306,"ENG TEST",112,6.5,3,69,1,"Fall"
"870","University of North Carolina at Charlotte",1,"Admit",305,"TOEFL",95,6.7,10,69,1,"Fall"
"871","University of North Carolina at Charlotte",1,"Admit",305,"ENG TEST",112,8.5,6,69,1,"Fall"
"872","University of North Carolina at Charlotte",1,"Admit",302,"IELTS",98,5.88,13,69,1,"Spring"
"873","University of North Carolina at Charlotte",1,"Admit",310,"TOEFL",111,5.6,28,69,1,"Spring"
"874","University of North Carolina at Charlotte",1,"Admit",305,"TOEFL",98,8.35,19,69,1,"Spring"
"875","University of North Carolina at Charlotte",1,"Admit",300,"TOEFL",107,5.5,10,69,1,"Spring"
"876","University of North Carolina at Charlotte",1,"Admit",309,"TOEFL",100,8.61,39,69,1,"Fall"
"877","University of North Carolina at Charlotte",1,"Reject",291,"IELTS",86,6.7,27,69,1,"Fall"
"878","University of North Carolina at Charlotte",1,"Reject",297.076167562654,"IELTS",86,7.11,0,69,1,"Fall"
"879","University of North Carolina at Charlotte",1,"Reject",293,"IELTS",86,7.69,17,69,1,"Fall"
"880","University of North Carolina at Charlotte",1,"Reject",301,"TOEFL",88,8.6,55,69,1,"Fall"
"881","University of North Carolina at Charlotte",2,"Reject",310,"TOEFL",96.7492144775781,7.3,2,69,1,"Fall"
"882","University of North Carolina at Charlotte",1,"Reject",312,"TOEFL",113,10,0,69,1,"Fall"
"883","University of North Carolina at Charlotte",1,"Reject",302,"TOEFL",83,6.3,45,69,1,"Spring"
"884","University of North Carolina at Charlotte",1,"Reject",293,"IELTS",98,6.1,0,69,1,"Spring"
"885","University of North Carolina at Charlotte",1,"Reject",303,"TOEFL",93,6.41,2,69,1,"Spring"
"886","University of North Carolina at Charlotte",2,"Reject",295,"TOEFL",91,7.19,21,69,1,"Fall"
"887","University of North Carolina at Charlotte",2,"Reject",303,"ENG TEST",112,7.88,0,69,1,"Fall"
"888","University of North Carolina at Charlotte",2,"Reject",297,"TOEFL",83,6.15,1,69,1,"Fall"
"889","University of North Carolina at Charlotte",2,"Reject",310,"TOEFL",90,6.5,18,69,1,"Fall"
"890","University of North Carolina at Charlotte",2,"Reject",305,"TOEFL",90,6.89,19,69,1,"Fall"
"891","University of North Carolina at Charlotte",2,"Reject",305,"TOEFL",101,7.4,0,69,1,"Fall"
"892","University of North Carolina at Charlotte",2,"Reject",313,"TOEFL",90,5.9,18,69,1,"Spring"
"893","University of North Carolina at Charlotte",2,"Reject",300,"IELTS",86,7.4,16,69,1,"Spring"
"894","University of North Carolina at Charlotte",2,"Reject",290,"TOEFL",86,8.25,48,69,1,"Spring"
"895","University of North Carolina at Charlotte",3,"Reject",300,"TOEFL",84,6.2,42,69,1,"Fall"
"896","University of North Carolina at Charlotte",3,"Reject",307,"TOEFL",93,6,30,69,1,"Fall"
"899","University of Texas at Dallas",0,"Admit",311.79777279182,"ENG TEST",112,6.53,18,56,1,"Fall"
"900","University of Texas at Dallas",1,"Admit",309.287038300019,"TOEFL",101,7.258,23,56,1,"Fall"
"901","University of Texas at Dallas",1,"Admit",313,"TOEFL",110,5.3,2,56,1,"Fall"
"902","University of Texas at Dallas",0,"Admit",308,"IELTS",98,8.1,20,56,1,"Spring"
"903","University of Texas at Dallas",1,"Admit",300,"TOEFL",87,6.3,30,56,1,"Fall"
"904","University of Texas at Dallas",1,"Admit",313,"TOEFL",100,6.5,12,56,1,"Fall"
"905","University of Texas at Dallas",1,"Admit",306,"TOEFL",96,7.3,60,56,1,"Fall"
"906","University of Texas at Dallas",1,"Admit",313.023526826674,"ENG TEST",112,7,60,56,1,"Fall"
"907","University of Texas at Dallas",1,"Admit",310,"TOEFL",115,6.8,16,56,1,"Fall"
"908","University of Texas at Dallas",1,"Admit",306,"TOEFL",87,8.2,8,56,1,"Fall"
"909","University of Texas at Dallas",1,"Admit",310,"TOEFL",93,8.76,19,56,1,"Fall"
"910","University of Texas at Dallas",1,"Admit",308,"TOEFL",98,6.94,36,56,1,"Fall"
"911","University of Texas at Dallas",1,"Admit",297,"TOEFL",99.976973035797,5.79,3,56,1,"Fall"
"912","University of Texas at Dallas",1,"Admit",309,"IELTS",101.942779670622,7.212,25,56,1,"Fall"
"913","University of Texas at Dallas",1,"Admit",305,"TOEFL",104,6.24,0,56,1,"Fall"
"914","University of Texas at Dallas",1,"Admit",298,"TOEFL",101.890100061512,5.743,6,56,1,"Fall"
"915","University of Texas at Dallas",1,"Admit",316,"TOEFL",103.351483671336,7.1,0,56,1,"Fall"
"916","University of Texas at Dallas",1,"Admit",312,"IELTS",98,7.56,20,56,1,"Fall"
"917","University of Texas at Dallas",5,"Admit",309.983815791451,"IELTS",106,6.883,40,56,1,"Fall"
"918","University of Texas at Dallas",1,"Admit",299,"TOEFL",97,7.23,48,56,1,"Fall"
"919","University of Texas at Dallas",1,"Reject",295,"TOEFL",84,6.9,60,56,1,"Fall"
"920","University of Texas at Dallas",1,"Reject",309,"TOEFL",117,7,12,56,1,"Fall"
"921","University of Texas at Dallas",1,"Reject",285,"IELTS",86,6.7,12,56,1,"Fall"
"922","University of Texas at Dallas",1,"Reject",297,"TOEFL",94,8.5,27,56,1,"Fall"
"923","University of Texas at Dallas",2,"Reject",297,"IELTS",86,7.15,0,56,1,"Fall"
"924","University of Texas at Dallas",2,"Reject",297,"TOEFL",89,6.9,26,56,1,"Fall"
"925","University of Texas at Dallas",2,"Reject",300,"TOEFL",98,7.26,6,56,1,"Fall"
"926","University of Texas at Dallas",2,"Reject",304,"IELTS",98,6.65,45,56,1,"Fall"
"927","University of Texas at Dallas",2,"Reject",299,"IELTS",86,7.52,4,56,1,"Fall"
"928","University of Texas at Dallas",2,"Reject",305,"TOEFL",86,7.4,36,56,1,"Fall"
"929","University of Texas at Dallas",2,"Reject",302,"TOEFL",102,6.61,34,56,1,"Fall"
"930","University of Texas at Dallas",2,"Reject",301,"TOEFL",106,6.1,37,56,1,"Fall"
"931","University of Texas at Dallas",2,"Reject",308,"TOEFL",106,7.45,22,56,1,"Fall"
"932","University of Texas at Dallas",2,"Reject",306,"TOEFL",102,7.2,40,56,1,"Spring"
"933","University of Texas at Dallas",2,"Reject",300,"TOEFL",86,8.4,36,56,1,"Spring"
"934","University of Texas at Dallas",2,"Reject",301,"TOEFL",85,6.2,37,56,1,"Fall"
"935","University of Texas at Dallas",2,"Reject",306,"TOEFL",103,8.38,41,56,1,"Spring"
"936","University of Texas at Dallas",2,"Reject",309,"TOEFL",105,6.2,24,56,1,"Spring"
"937","University of Texas at Arlington",1,"Admit",305.864027117326,"TOEFL",110,7.5,16,8,1,"Fall"
"938","University of Texas at Arlington",1,"Admit",299,"TOEFL",94,7.69,46,8,1,"Fall"
"939","University of Texas at Arlington",1,"Admit",304,"TOEFL",99,5.7,6,8,1,"Fall"
"940","University of Texas at Arlington",1,"Admit",305,"ENG TEST",112,7.1,0,8,1,"Fall"
"941","University of Texas at Arlington",1,"Admit",301,"TOEFL",91,5.8,40,8,1,"Fall"
"942","University of Texas at Arlington",1,"Admit",298,"TOEFL",91,5.39,3,8,1,"Fall"
"943","University of Texas at Arlington",1,"Admit",297,"TOEFL",88,6,0,8,1,"Fall"
"944","University of Texas at Arlington",1,"Admit",310,"TOEFL",115,7.15,48,8,1,"Fall"
"945","University of Texas at Arlington",1,"Admit",303,"TOEFL",81,7.5,37,8,1,"Fall"
"946","University of Texas at Arlington",1,"Admit",307,"TOEFL",95.7354585331209,7.4,15,8,1,"Fall"
"947","University of Texas at Arlington",1,"Admit",298,"TOEFL",93.7897354904113,7,5,8,1,"Fall"
"948","University of Texas at Arlington",1,"Admit",305,"TOEFL",104,6.24,0,8,1,"Fall"
"949","University of Texas at Arlington",1,"Admit",310,"TOEFL",96,6.868,41,8,1,"Fall"
"950","University of Texas at Arlington",1,"Admit",296,"IELTS",86,7.95,19,8,1,"Fall"
"951","University of Texas at Arlington",1,"Admit",313,"TOEFL",99,8.52,49,8,1,"Fall"
"952","University of Texas at Arlington",1,"Admit",310,"TOEFL",102,5.9,53,8,1,"Fall"
"953","University of Texas at Arlington",1,"Admit",299,"TOEFL",105,7.8,2,8,1,"Fall"
"954","University of Texas at Arlington",1,"Admit",300,"TOEFL",92,6,12,8,1,"Fall"
"955","University of Texas at Arlington",1,"Admit",306,"TOEFL",99,7.4,0,8,1,"Fall"
"956","University of Texas at Arlington",1,"Admit",304,"TOEFL",87,7.5,32,8,1,"Fall"
"957","University of Texas at Arlington",1,"Reject",298,"TOEFL",82,6.22,0,8,1,"Fall"
"958","University of Texas at Arlington",2,"Reject",302,"TOEFL",102,5.6,8,8,1,"Fall"
"959","University of Texas at Arlington",2,"Reject",310,"TOEFL",93.5096599647123,7.3,2,8,1,"Fall"
"960","University of Texas at Arlington",1,"Reject",302.544450066816,"TOEFL",93,6.2,45,8,1,"Fall"
"961","University of Texas at Arlington",1,"Reject",296,"TOEFL",90,5.67,8,8,1,"Fall"
"962","University of Texas at Arlington",1,"Reject",294,"TOEFL",87,6.944,25,8,1,"Fall"
"963","University of Texas at Arlington",1,"Reject",298,"TOEFL",90.2111805153754,5.743,6,8,1,"Fall"
"964","University of Texas at Arlington",1,"Reject",304,"IELTS",86,6.8,47,8,1,"Fall"
"965","University of Texas at Arlington",1,"Reject",292,"IELTS",86,6.6,7,8,1,"Fall"
"966","University of Texas at Arlington",1,"Reject",289,"IELTS",106,6.4,9,8,1,"Fall"
"967","University of Texas at Arlington",1,"Reject",292,"TOEFL",85,6.53,9,8,1,"Fall"
"968","University of Texas at Arlington",1,"Reject",289,"IELTS",98,7.853,24,8,1,"Spring"
"969","University of Texas at Arlington",1,"Reject",291,"IELTS",86,6,7,8,1,"Spring"
"970","University of Texas at Arlington",1,"Reject",297,"IELTS",69,5.9,12,8,1,"Spring"
"971","University of Texas at Arlington",1,"Reject",288,"TOEFL",94,7.15,0,8,1,"Spring"
"972","University of Texas at Arlington",2,"Reject",295,"TOEFL",95,6,23,8,1,"Fall"
"973","University of Texas at Arlington",2,"Reject",307,"TOEFL",84,6.3,24,8,1,"Fall"
"974","University of Texas at Arlington",2,"Reject",300,"TOEFL",96,7.5,60,8,1,"Fall"
"975","University of Texas at Arlington",2,"Reject",297,"TOEFL",79,6.323,0,8,1,"Fall"
"976","University of Texas at Arlington",2,"Reject",305,"IELTS",86,7.2,0,8,1,"Fall"
"977","University of Texas at Austin",2,"Admit",310.275823717159,"TOEFL",105,6.8,33,56,1,"Fall"
"978","University of Texas at Austin",1,"Admit",315,"TOEFL",110,8.6,3,56,1,"Fall"
"979","University of Texas at Austin",1,"Admit",318,"TOEFL",105.669205793813,6.7,16,56,1,"Fall"
"980","University of Texas at Austin",0,"Admit",311,"TOEFL",98,7,40,56,1,"Spring"
"981","University of Texas at Austin",1,"Admit",320,"TOEFL",108,6.5,41,56,1,"Fall"
"982","University of Texas at Austin",1,"Admit",328,"TOEFL",106.05781910511,7.6,0,56,1,"Fall"
"983","University of Texas at Austin",1,"Admit",311,"TOEFL",102,7.4,85,56,1,"Fall"
"984","University of Texas at Austin",1,"Admit",311,"TOEFL",100,8.2,0,56,1,"Fall"
"985","University of Texas at Austin",1,"Admit",321,"TOEFL",104,7.1,76,56,1,"Fall"
"986","University of Texas at Austin",1,"Admit",309,"TOEFL",103,7.41,13,56,1,"Fall"
"987","University of Texas at Austin",1,"Admit",321,"TOEFL",104,6.032,39,56,1,"Fall"
"988","University of Texas at Austin",1,"Admit",324,"TOEFL",104.381095447776,7.85,0,56,1,"Fall"
"989","University of Texas at Austin",1,"Admit",314,"TOEFL",96,7.68,12,56,1,"Fall"
"990","University of Texas at Austin",1,"Admit",314,"IELTS",112,7.72,20,56,1,"Fall"
"991","University of Texas at Austin",1,"Admit",324,"TOEFL",109,7.5,40,56,1,"Spring"
"992","University of Texas at Austin",1,"Admit",308,"IELTS",106,7,84,56,1,"Fall"
"993","University of Texas at Austin",2,"Admit",316,"TOEFL",115,9.3,27,56,1,"Fall"
"994","University of Texas at Austin",2,"Admit",323,"TOEFL",111,9.7,2,56,1,"Fall"
"995","University of Texas at Austin",2,"Admit",314,"ENG TEST",112,8.67,25,56,1,"Fall"
"996","University of Texas at Austin",2,"Admit",310,"TOEFL",104,6.6,52,56,1,"Fall"
"997","University of Texas at Austin",1,"Reject",305,"TOEFL",95,8.54,34,56,1,"Fall"
"998","University of Texas at Austin",1,"Reject",329,"TOEFL",104.271644755656,7.5,144,56,1,"Fall"
"999","University of Texas at Austin",1,"Reject",313,"TOEFL",97,8,25,56,1,"Fall"
"1000","University of Texas at Austin",1,"Reject",314,"IELTS",103.643181954197,7.6,2,56,1,"Fall"
"1001","University of Texas at Austin",1,"Reject",326,"TOEFL",113,7.75,6,56,1,"Fall"
"1002","University of Texas at Austin",1,"Reject",307,"TOEFL",100.334285356551,7.734,1,56,1,"Fall"
"1003","University of Texas at Austin",1,"Reject",311,"TOEFL",91,8.44,20,56,1,"Fall"
"1004","University of Texas at Austin",2,"Reject",303,"TOEFL",95,6.11,27,56,1,"Fall"
"1005","University of Texas at Austin",3,"Reject",313,"TOEFL",103,6.7,36,56,1,"Fall"
"1006","University of Texas at Austin",3,"Reject",327,"TOEFL",113,8,30,56,1,"Fall"
"1007","University of Utah",1,"Admit",317.067279831493,"ENG TEST",112,9,0,110,3,"Fall"
"1008","University of Utah",1,"Admit",301,"TOEFL",93,8.35,20,110,3,"Fall"
"1009","University of Utah",1,"Admit",302,"IELTS",106,6.32,32,110,3,"Fall"
"1010","University of Utah",1,"Admit",300,"TOEFL",99,7.14,39,110,3,"Fall"
"1011","University of Utah",1,"Admit",303.626339139833,"IELTS",86,7.3,37,110,3,"Fall"
"1012","University of Utah",1,"Admit",307,"TOEFL",97,6.7,48,110,3,"Fall"
"1013","University of Utah",1,"Admit",311,"TOEFL",98,7.31,25,110,3,"Fall"
"1014","University of Utah",1,"Admit",299,"TOEFL",97,7.23,48,110,3,"Fall"
"1015","University of Utah",1,"Admit",311,"TOEFL",102,7.4,85,110,3,"Fall"
"1016","University of Utah",1,"Admit",314,"TOEFL",99,6.5,30,110,3,"Fall"
"1017","University of Utah",1,"Admit",307,"TOEFL",101,8.63,45,110,3,"Fall"
"1018","University of Utah",1,"Admit",323,"TOEFL",108,7.7,0,110,3,"Fall"
"1019","University of Utah",1,"Admit",304,"TOEFL",96.523591017765,7.13,38,110,3,"Fall"
"1020","University of Utah",1,"Admit",321,"TOEFL",104,6.541,2,110,3,"Fall"
"1021","University of Utah",1,"Admit",313,"TOEFL",109,8.174,25,110,3,"Fall"
"1022","University of Utah",1,"Admit",297,"IELTS",97.5815882192938,8.7,7,110,3,"Fall"
"1023","University of Utah",1,"Admit",324,"TOEFL",109,6.2,40,110,3,"Fall"
"1024","University of Utah",1,"Admit",297,"TOEFL",81,6.2,46,110,3,"Fall"
"1025","University of Utah",1,"Admit",311,"TOEFL",102,9.06,11,110,3,"Fall"
"1026","University of Utah",1,"Admit",320,"TOEFL",108,6.5,41,110,3,"Fall"
"1027","University of Utah",1,"Reject",309,"TOEFL",97.9282780055811,6.03,28,110,3,"Fall"
"1028","University of Utah",1,"Reject",307,"IELTS",98,7.729,28,110,3,"Fall"
"1029","University of Utah",1,"Reject",319,"TOEFL",101,6.57,15,110,3,"Fall"
"1030","University of Utah",2,"Reject",316,"TOEFL",94,5.5,0,110,3,"Fall"
"1031","University of Utah",2,"Reject",302,"TOEFL",99,6.7,22,110,3,"Fall"
"1032","University of Utah",2,"Reject",312,"TOEFL",90,8.5,30,110,3,"Fall"
"1033","University of Utah",2,"Reject",304,"TOEFL",84,7.2,18,110,3,"Fall"
"1034","University of Utah",2,"Reject",305,"TOEFL",102,7.95,15,110,3,"Fall"
"1035","University of Utah",2,"Reject",316,"TOEFL",96,7.32,35,110,3,"Fall"
"1036","University of Utah",2,"Reject",303,"TOEFL",93,7.46,1,110,3,"Fall"
"1037","University of Utah",2,"Reject",297,"TOEFL",83,6.15,1,110,3,"Fall"
"1038","University of Utah",2,"Reject",299,"TOEFL",89,6.906,33,110,3,"Fall"
"1039","University of Utah",2,"Reject",300,"TOEFL",97,7.943,58,110,3,"Fall"
"1040","University of Utah",2,"Reject",309,"TOEFL",96,6.5,18,110,3,"Spring"
"1041","University of Utah",2,"Reject",302,"TOEFL",91,6.4,67,110,3,"Spring"
"1042","University of Washington",1,"Admit",315,"TOEFL",101,9.81,0,56,3,"Fall"
"1043","University of Washington",1,"Admit",323,"TOEFL",99,7.38,18,56,3,"Fall"
"1044","University of Washington",1,"Admit",316,"TOEFL",97,7,31,56,3,"Fall"
"1045","University of Washington",1,"Admit",317,"TOEFL",96,9.586,0,56,3,"Fall"
"1046","University of Washington",1,"Admit",316,"TOEFL",112,8.48,21,56,3,"Fall"
"1047","University of Washington",1,"Admit",321,"TOEFL",104,6.541,2,56,3,"Fall"
"1048","University of Washington",1,"Admit",313,"TOEFL",100,7.65,0,56,3,"Fall"
"1049","University of Washington",1,"Admit",326,"TOEFL",111,6.01,42,56,3,"Fall"
"1050","University of Washington",1,"Admit",329,"TOEFL",114,7.2,51,56,3,"Fall"
"1051","University of Washington",1,"Admit",313,"ENG TEST",112,7.5,38,56,3,"Fall"
"1052","University of Washington",1,"Admit",332,"TOEFL",116,8.77,31,56,3,"Fall"
"1053","University of Washington",1,"Admit",324,"TOEFL",114,8.3,30,56,3,"Fall"
"1054","University of Washington",1,"Admit",318,"ENG TEST",112,8.9,40,56,3,"Spring"
"1055","University of Washington",1,"Admit",320,"TOEFL",108,6.5,41,56,3,"Fall"
"1056","University of Washington",1,"Admit",330,"TOEFL",110,8.4,30,56,3,"Fall"
"1057","University of Washington",1,"Admit",321.596818271358,"TOEFL",108,6.834,54,56,3,"Fall"
"1058","University of Washington",2,"Admit",307,"TOEFL",99,9,36,56,3,"Fall"
"1059","University of Washington",2,"Admit",320,"TOEFL",103,7.85,52,56,3,"Fall"
"1060","University of Washington",2,"Admit",313,"TOEFL",104,6.674,20,56,3,"Fall"
"1061","University of Washington",2,"Admit",322,"TOEFL",109,9.081,25,56,3,"Fall"
"1062","University of Washington",1,"Reject",319,"TOEFL",117,8.44,4,56,3,"Fall"
"1063","University of Washington",1,"Reject",319,"TOEFL",112,7.52,35,56,3,"Fall"
"1064","University of Washington",1,"Reject",305,"TOEFL",109,8.6,25,56,3,"Fall"
"1065","University of Washington",1,"Reject",315,"TOEFL",102,6.76,19,56,3,"Fall"
"1066","University of Washington",1,"Reject",315.337913337023,"TOEFL",104,8.15,33,56,3,"Fall"
"1067","University of Washington",1,"Reject",314,"TOEFL",100,7.6,41,56,3,"Fall"
"1068","University of Washington",1,"Reject",312,"TOEFL",108,7.2,67,56,3,"Fall"
"1069","University of Washington",1,"Reject",315,"TOEFL",109,6.72,29,56,3,"Fall"
"1070","University of Washington",1,"Reject",319,"TOEFL",105,7.61,40,56,3,"Fall"
"1071","University of Washington",1,"Reject",317,"TOEFL",108,8.2,0,56,3,"Fall"
"1072","University of Washington",1,"Reject",318,"TOEFL",108.246049944104,6.7,16,56,3,"Fall"
"1073","University of Washington",1,"Reject",313,"TOEFL",104,7.2,19,56,3,"Fall"
"1074","University of Washington",1,"Reject",316,"TOEFL",101,8.1,15,56,3,"Fall"
"1075","University of Washington",1,"Reject",313,"TOEFL",109,7.5,16,56,3,"Fall"
"1076","University of Washington",1,"Reject",318,"TOEFL",118,8.43,30,56,3,"Fall"
"1077","University of Washington",1,"Reject",312,"TOEFL",110,7.62,2,56,3,"Fall"
"1078","University of Washington",1,"Reject",322,"TOEFL",104,8.3,0,56,3,"Fall"
"1079","University of Washington",1,"Reject",317,"TOEFL",110,6.93,25,56,3,"Fall"
"1080","University of Washington",1,"Reject",308,"TOEFL",98,6.5,25,56,3,"Fall"
"1081","University of Washington",1,"Reject",315,"TOEFL",112,8.24,1,56,3,"Fall"
"1082","University of Washington",1,"Admit",326,"TOEFL",115,9.38,1,56,3,"Fall"
"1083","University of Washington",1,"Admit",316,"TOEFL",111,8.64,1,56,3,"Fall"
"1084","University of Washington",1,"Admit",329,"TOEFL",107.847137315867,7.5,144,56,3,"Fall"
"1085","University of Washington",1,"Admit",324,"TOEFL",117,8.49,8,56,3,"Fall"
"1086","University of Washington",1,"Admit",325,"TOEFL",102,7.34,35,56,3,"Fall"
"1087","University of Washington",1,"Admit",318,"TOEFL",107.16705455188,7.35,33,56,3,"Fall"
"1088","University of Washington",1,"Admit",309,"TOEFL",117,7,12,56,3,"Fall"
"1089","University of Washington",1,"Admit",326,"TOEFL",113,6.85,44,56,3,"Fall"
"1090","University of Washington",1,"Admit",322,"TOEFL",110,8.16,24,56,3,"Fall"
"1091","University of Washington",1,"Admit",307,"TOEFL",107,6.9,19,56,3,"Fall"
"1092","University of Washington",1,"Admit",320,"ENG TEST",112,6.41,0,56,3,"Fall"
"1093","University of Washington",1,"Admit",315,"TOEFL",105,7.42,0,56,3,"Fall"
"1094","University of Washington",1,"Admit",322,"TOEFL",114,6.4,29,56,3,"Fall"
"1095","University of Washington",1,"Admit",321,"TOEFL",109,6,29,56,3,"Fall"
"1096","University of Washington",1,"Admit",321,"TOEFL",112,7.324,32,56,3,"Fall"
"1097","University of Washington",1,"Admit",317,"TOEFL",114,6.152,36,56,3,"Fall"
"1098","University of Washington",1,"Admit",304,"TOEFL",104,7.33,44,56,3,"Fall"
"1099","University of Washington",1,"Admit",319,"TOEFL",113,7.34,26,56,3,"Fall"
"1100","University of Washington",1,"Admit",325,"TOEFL",115,9.12,4,56,3,"Fall"
"1101","University of Washington",1,"Admit",329,"TOEFL",114,7.2,54,56,3,"Fall"
"1102","University of Washington",1,"Reject",318,"TOEFL",112,7,11,56,3,"Fall"
"1103","University of Washington",2,"Reject",311,"TOEFL",107,5.2,35,56,3,"Fall"
"1104","University of Washington",1,"Reject",315,"TOEFL",109.050831677321,6.93,2,56,3,"Fall"
"1105","University of Washington",1,"Reject",313,"TOEFL",107,8.96,0,56,3,"Fall"
"1106","University of Washington",1,"Reject",315,"TOEFL",112,6.5,12,56,3,"Fall"
"1107","University of Washington",1,"Reject",317,"TOEFL",109.579701835375,9.16,20,56,3,"Fall"
"1108","University of Washington",1,"Reject",321,"TOEFL",112,6.3,60,56,3,"Fall"
"1109","University of Washington",1,"Reject",317,"TOEFL",118,3.14,6,56,3,"Fall"
"1110","University of Washington",0,"Reject",314.444253268576,"TOEFL",106,6.9,12,56,3,"Spring"
"1111","University of Washington",1,"Reject",324,"TOEFL",109.478193870921,7.85,0,56,3,"Fall"
"1112","University of Washington",1,"Reject",323,"TOEFL",111,8,48,56,3,"Fall"
"1113","University of Washington",1,"Reject",316,"TOEFL",103,8.33,41,56,3,"Fall"
"1114","University of Washington",1,"Reject",326,"TOEFL",113,7.75,6,56,3,"Fall"
"1115","University of Washington",1,"Reject",320,"TOEFL",110,6.2,40,56,3,"Fall"
"1116","University of Washington",1,"Reject",318,"TOEFL",111,6.68,6,56,3,"Fall"
"1117","University of Washington",1,"Reject",316,"TOEFL",102,7.76,54,56,3,"Fall"
"1118","University of Washington",1,"Reject",320,"TOEFL",102,8.017,0,56,3,"Fall"
"1119","University of Washington",1,"Reject",321,"TOEFL",112,7.7,0,56,3,"Fall"
"1120","University of Washington",1,"Reject",306,"TOEFL",115,6.3,16,56,3,"Fall"
"1121","University of Washington",1,"Reject",317.886215603984,"TOEFL",112,8.04,3,56,3,"Fall"
"1122","Worcester Polytechnic Institute",1,"Admit",306,"TOEFL",101,6.35,1,56,3,"Fall"
"1123","Worcester Polytechnic Institute",1,"Admit",301,"TOEFL",91,6.3,21,56,3,"Fall"
"1124","Worcester Polytechnic Institute",1,"Admit",313,"TOEFL",109,8.174,25,56,3,"Fall"
"1125","Worcester Polytechnic Institute",1,"Admit",296,"TOEFL",93,6.43,64,56,3,"Fall"
"1126","Worcester Polytechnic Institute",1,"Admit",306,"TOEFL",115,6.3,16,56,3,"Fall"
"1127","Worcester Polytechnic Institute",1,"Admit",313,"TOEFL",104,6.5,1,56,3,"Fall"
"1128","Worcester Polytechnic Institute",1,"Admit",297,"TOEFL",99,5.581,24,56,3,"Fall"
"1129","Worcester Polytechnic Institute",1,"Admit",313,"TOEFL",103,8.712,26,56,3,"Fall"
"1130","Worcester Polytechnic Institute",1,"Admit",312,"TOEFL",96,7.53,1,56,3,"Fall"
"1131","Worcester Polytechnic Institute",1,"Admit",306,"ENG TEST",112,6.5,3,56,3,"Fall"
"1132","Worcester Polytechnic Institute",1,"Admit",303,"TOEFL",93,6.41,2,56,3,"Spring"
"1133","Worcester Polytechnic Institute",1,"Admit",310,"TOEFL",104,9.26,38,56,3,"Fall"
"1134","Worcester Polytechnic Institute",1,"Admit",305,"TOEFL",95,6.7,10,56,3,"Fall"
"1135","Worcester Polytechnic Institute",1,"Admit",310,"TOEFL",107,8,36,56,3,"Fall"
"1136","Worcester Polytechnic Institute",1,"Admit",304,"TOEFL",102,6.1,26,56,3,"Spring"
"1137","Worcester Polytechnic Institute",7,"Admit",310,"TOEFL",94,5.4,0,56,3,"Fall"
"1138","Worcester Polytechnic Institute",2,"Admit",309,"TOEFL",95,6.8,23,56,3,"Fall"
"1139","Worcester Polytechnic Institute",2,"Admit",307,"TOEFL",99,7.31,6,56,3,"Fall"
"1140","Worcester Polytechnic Institute",2,"Admit",305,"ENG TEST",112,6.99,26,56,3,"Fall"
"1141","Worcester Polytechnic Institute",2,"Admit",317,"TOEFL",109,6.83,2,56,3,"Fall"
"1142","Worcester Polytechnic Institute",1,"Reject",299,"TOEFL",88,7.95,5,56,3,"Fall"
"1143","Worcester Polytechnic Institute",2,"Reject",308,"TOEFL",99,6.25,56,56,3,"Fall"
"1144","Worcester Polytechnic Institute",2,"Reject",310,"ENG TEST",112,5.92,4,56,3,"Fall"
"1145","Worcester Polytechnic Institute",2,"Reject",288,"TOEFL",89,5.534,10,56,3,"Fall"
"1146","Worcester Polytechnic Institute",2,"Reject",302,"TOEFL",86,6.5,28,56,3,"Fall"
"1147","Worcester Polytechnic Institute",3,"Reject",311,"TOEFL",95,6.1,0,56,3,"Fall"
"1148","Worcester Polytechnic Institute",3,"Reject",295,"TOEFL",90,6.06,18,56,3,"Fall"
"1149","Worcester Polytechnic Institute",4,"Reject",307,"TOEFL",88,7,0,56,3,"Fall"
"1150","Worcester Polytechnic Institute",4,"Reject",301,"TOEFL",89,6.26,0,56,3,"Fall"
"1151","Worcester Polytechnic Institute",3,"Reject",300,"TOEFL",93,5,0,56,3,"Spring"
